#아래순서로 테이블생성 및 기초데이터 입력 

# ID Generation
INSERT INTO IDS(TABLE_NAME,NEXT_ID) VALUES ('BBS_ID',1);
INSERT INTO IDS(TABLE_NAME,NEXT_ID) VALUES ('FILE_ID',1);
INSERT INTO IDS(TABLE_NAME,NEXT_ID) VALUES ('GROUP_ID',1);
INSERT INTO IDS(TABLE_NAME,NEXT_ID) VALUES ('LOGINLOG_ID',1);
INSERT INTO IDS(TABLE_NAME,NEXT_ID) VALUES ('ROLE_ID',1);
INSERT INTO IDS(TABLE_NAME,NEXT_ID) VALUES ('SAMPLE',1);
INSERT INTO IDS(TABLE_NAME,NEXT_ID) VALUES ('SYSLOG_ID',1);
INSERT INTO IDS(TABLE_NAME,NEXT_ID) VALUES ('TMPLAT_ID',1);
INSERT INTO IDS(TABLE_NAME,NEXT_ID) VALUES ('USRCNFRM_ID',2);


# 분류코드
INSERT INTO LETTCCMMNCLCODE(CL_CODE,CL_CODE_NM,CL_CODE_DC,USE_AT,FRST_REGIST_PNTTM,FRST_REGISTER_ID,LAST_UPDT_PNTTM,LAST_UPDUSR_ID) VALUES ('LET','전자정부 프레임워크 경량환경 템플릿','전자정부 프레임워크 경량환경 템플릿1','Y','2011-08-02 21:13:03','SYSTEM','2011-08-09 17:17:08',null);


# 공통코드
INSERT INTO LETTCCMMNCODE(CODE_ID,CODE_ID_NM,CODE_ID_DC,USE_AT,CL_CODE,FRST_REGIST_PNTTM,FRST_REGISTER_ID,LAST_UPDT_PNTTM,LAST_UPDUSR_ID) VALUES ('COM001','등록구분','게시판, 커뮤니티, 동호회 등록구분코드1','Y','LET','2011-08-02 21:13:03','SYSTEM','2011-08-09 17:56:24',null);
INSERT INTO LETTCCMMNCODE(CODE_ID,CODE_ID_NM,CODE_ID_DC,USE_AT,CL_CODE,FRST_REGIST_PNTTM,FRST_REGISTER_ID,LAST_UPDT_PNTTM,LAST_UPDUSR_ID) VALUES ('COM003','업무구분','업무구분코드','Y','LET','2011-08-02 21:13:03','SYSTEM','2011-08-02 21:13:03','SYSTEM');
INSERT INTO LETTCCMMNCODE(CODE_ID,CODE_ID_NM,CODE_ID_DC,USE_AT,CL_CODE,FRST_REGIST_PNTTM,FRST_REGISTER_ID,LAST_UPDT_PNTTM,LAST_UPDUSR_ID) VALUES ('COM004','게시판유형','게시판유형구분코드','Y','LET','2011-08-02 21:13:03','SYSTEM','2011-08-02 21:13:03','SYSTEM');
INSERT INTO LETTCCMMNCODE(CODE_ID,CODE_ID_NM,CODE_ID_DC,USE_AT,CL_CODE,FRST_REGIST_PNTTM,FRST_REGISTER_ID,LAST_UPDT_PNTTM,LAST_UPDUSR_ID) VALUES ('COM005','템플릿유형','템플릿유형구분코드','Y','LET','2011-08-02 21:13:03','SYSTEM','2011-08-02 21:13:03','SYSTEM');
INSERT INTO LETTCCMMNCODE(CODE_ID,CODE_ID_NM,CODE_ID_DC,USE_AT,CL_CODE,FRST_REGIST_PNTTM,FRST_REGISTER_ID,LAST_UPDT_PNTTM,LAST_UPDUSR_ID) VALUES ('COM009','게시판속성','게시판 속성','Y','LET','2011-08-02 21:13:03','SYSTEM','2011-08-02 21:13:03','SYSTEM');
INSERT INTO LETTCCMMNCODE(CODE_ID,CODE_ID_NM,CODE_ID_DC,USE_AT,CL_CODE,FRST_REGIST_PNTTM,FRST_REGISTER_ID,LAST_UPDT_PNTTM,LAST_UPDUSR_ID) VALUES ('COM013','회원상태','회원 가입 신청/승인/삭제를 위한 상태 구분','Y','LET','2011-08-11 11:32:57','SYSTEM','2011-08-11 11:32:57','SYSTEM');
INSERT INTO LETTCCMMNCODE(CODE_ID,CODE_ID_NM,CODE_ID_DC,USE_AT,CL_CODE,FRST_REGIST_PNTTM,FRST_REGISTER_ID,LAST_UPDT_PNTTM,LAST_UPDUSR_ID) VALUES ('COM014','성별구분','남녀 성별 구분','Y','LET','2011-08-11 11:32:50','SYSTEM','2011-08-11 11:32:50','SYSTEM');
INSERT INTO LETTCCMMNCODE(CODE_ID,CODE_ID_NM,CODE_ID_DC,USE_AT,CL_CODE,FRST_REGIST_PNTTM,FRST_REGISTER_ID,LAST_UPDT_PNTTM,LAST_UPDUSR_ID) VALUES ('COM022','비밀번호 힌트','비밀번호 힌트 구분코드','Y','LET','2011-08-11 11:31:02','SYSTEM','2011-08-11 11:31:02','SYSTEM');
INSERT INTO LETTCCMMNCODE(CODE_ID,CODE_ID_NM,CODE_ID_DC,USE_AT,CL_CODE,FRST_REGIST_PNTTM,FRST_REGISTER_ID,LAST_UPDT_PNTTM,LAST_UPDUSR_ID) VALUES ('COM025','소속기관','소속기관정보를 관리할때 사용하는 구분코드(시스템별로 재정의)','Y','LET','2011-08-11 11:32:57','SYSTEM','2011-08-11 11:32:57','SYSTEM');
INSERT INTO LETTCCMMNCODE(CODE_ID,CODE_ID_NM,CODE_ID_DC,USE_AT,CL_CODE,FRST_REGIST_PNTTM,FRST_REGISTER_ID,LAST_UPDT_PNTTM,LAST_UPDUSR_ID) VALUES ('COM029','롤유형코드','','Y','LET','2011-08-12 10:45:16','SYSTEM','2011-08-12 10:45:16','SYSTEM');


# 공통상세코드
INSERT INTO LETTCCMMNDETAILCODE(CODE_ID,CODE,CODE_NM,CODE_DC,USE_AT,FRST_REGIST_PNTTM,FRST_REGISTER_ID,LAST_UPDT_PNTTM,LAST_UPDUSR_ID) VALUES ('COM001','REGC01','단일 게시판 이용등록','단일 게시판 이용등록','Y','2011-08-02 21:13:03','SYSTEM','2011-08-02 21:13:03','SYSTEM');
INSERT INTO LETTCCMMNDETAILCODE(CODE_ID,CODE,CODE_NM,CODE_DC,USE_AT,FRST_REGIST_PNTTM,FRST_REGISTER_ID,LAST_UPDT_PNTTM,LAST_UPDUSR_ID) VALUES ('COM001','REGC07','게시판사용자등록','게시판사용자등록','Y','2011-08-02 21:13:03','SYSTEM','2011-08-02 21:13:03','SYSTEM');
INSERT INTO LETTCCMMNDETAILCODE(CODE_ID,CODE,CODE_NM,CODE_DC,USE_AT,FRST_REGIST_PNTTM,FRST_REGISTER_ID,LAST_UPDT_PNTTM,LAST_UPDUSR_ID) VALUES ('COM003','BBS','게시판','게시판','Y','2011-08-02 21:13:03','SYSTEM','2011-08-02 21:13:03','SYSTEM');
INSERT INTO LETTCCMMNDETAILCODE(CODE_ID,CODE,CODE_NM,CODE_DC,USE_AT,FRST_REGIST_PNTTM,FRST_REGISTER_ID,LAST_UPDT_PNTTM,LAST_UPDUSR_ID) VALUES ('COM004','BBST01','일반게시판','일반게시판','Y','2011-08-02 21:13:03','SYSTEM','2011-08-02 21:13:03','SYSTEM');
INSERT INTO LETTCCMMNDETAILCODE(CODE_ID,CODE,CODE_NM,CODE_DC,USE_AT,FRST_REGIST_PNTTM,FRST_REGISTER_ID,LAST_UPDT_PNTTM,LAST_UPDUSR_ID) VALUES ('COM004','BBST02','익명게시판','익명게시판','N','2011-08-02 21:13:03','SYSTEM','2011-08-02 21:13:03','SYSTEM');
INSERT INTO LETTCCMMNDETAILCODE(CODE_ID,CODE,CODE_NM,CODE_DC,USE_AT,FRST_REGIST_PNTTM,FRST_REGISTER_ID,LAST_UPDT_PNTTM,LAST_UPDUSR_ID) VALUES ('COM004','BBST03','공지게시판','공지게시판','Y','2011-08-02 21:13:03','SYSTEM','2011-08-02 21:13:03','SYSTEM');
INSERT INTO LETTCCMMNDETAILCODE(CODE_ID,CODE,CODE_NM,CODE_DC,USE_AT,FRST_REGIST_PNTTM,FRST_REGISTER_ID,LAST_UPDT_PNTTM,LAST_UPDUSR_ID) VALUES ('COM005','TMPT01','게시판템플릿','게시판템플릿','Y','2011-08-02 21:13:03','SYSTEM','2011-08-02 21:13:03','SYSTEM');
INSERT INTO LETTCCMMNDETAILCODE(CODE_ID,CODE,CODE_NM,CODE_DC,USE_AT,FRST_REGIST_PNTTM,FRST_REGISTER_ID,LAST_UPDT_PNTTM,LAST_UPDUSR_ID) VALUES ('COM009','BBSA01','유효게시판','유효게시판','N','2011-08-02 21:13:03','SYSTEM','2011-08-02 21:13:03','SYSTEM');
INSERT INTO LETTCCMMNDETAILCODE(CODE_ID,CODE,CODE_NM,CODE_DC,USE_AT,FRST_REGIST_PNTTM,FRST_REGISTER_ID,LAST_UPDT_PNTTM,LAST_UPDUSR_ID) VALUES ('COM009','BBSA02','갤러리','갤러리','Y','2011-08-02 21:13:03','SYSTEM','2011-08-02 21:13:03','SYSTEM');
INSERT INTO LETTCCMMNDETAILCODE(CODE_ID,CODE,CODE_NM,CODE_DC,USE_AT,FRST_REGIST_PNTTM,FRST_REGISTER_ID,LAST_UPDT_PNTTM,LAST_UPDUSR_ID) VALUES ('COM009','BBSA03','일반게시판','일반게시판','Y','2011-08-02 21:13:03','SYSTEM','2011-08-02 21:13:03','SYSTEM');
INSERT INTO LETTCCMMNDETAILCODE(CODE_ID,CODE,CODE_NM,CODE_DC,USE_AT,FRST_REGIST_PNTTM,FRST_REGISTER_ID,LAST_UPDT_PNTTM,LAST_UPDUSR_ID) VALUES ('COM013','A','회원 가입 신청 상태','회원 가입 신청 상태','Y','2011-08-11 11:32:57','SYSTEM','2011-08-11 11:32:57','SYSTEM');
INSERT INTO LETTCCMMNDETAILCODE(CODE_ID,CODE,CODE_NM,CODE_DC,USE_AT,FRST_REGIST_PNTTM,FRST_REGISTER_ID,LAST_UPDT_PNTTM,LAST_UPDUSR_ID) VALUES ('COM013','D','회원 가입 삭제 상태','회원 가입 삭제 상태','Y','2011-08-11 11:32:57','SYSTEM','2011-08-11 11:32:57','SYSTEM');
INSERT INTO LETTCCMMNDETAILCODE(CODE_ID,CODE,CODE_NM,CODE_DC,USE_AT,FRST_REGIST_PNTTM,FRST_REGISTER_ID,LAST_UPDT_PNTTM,LAST_UPDUSR_ID) VALUES ('COM013','P','회원 가입 승인 상태','회원 가입 승인 상태','Y','2011-08-11 11:32:57','SYSTEM','2011-08-11 11:32:57','SYSTEM');
INSERT INTO LETTCCMMNDETAILCODE(CODE_ID,CODE,CODE_NM,CODE_DC,USE_AT,FRST_REGIST_PNTTM,FRST_REGISTER_ID,LAST_UPDT_PNTTM,LAST_UPDUSR_ID) VALUES ('COM014','F','여자','여자','Y','2011-08-11 11:32:57','SYSTEM','2011-08-11 11:32:57','SYSTEM');
INSERT INTO LETTCCMMNDETAILCODE(CODE_ID,CODE,CODE_NM,CODE_DC,USE_AT,FRST_REGIST_PNTTM,FRST_REGISTER_ID,LAST_UPDT_PNTTM,LAST_UPDUSR_ID) VALUES ('COM014','M','남자','남자','Y','2011-08-11 11:32:57','SYSTEM','2011-08-11 11:32:57','SYSTEM');
INSERT INTO LETTCCMMNDETAILCODE(CODE_ID,CODE,CODE_NM,CODE_DC,USE_AT,FRST_REGIST_PNTTM,FRST_REGISTER_ID,LAST_UPDT_PNTTM,LAST_UPDUSR_ID) VALUES ('COM022',' P01','가장 기억에 남는 장소는?','가장 기억에 남는 장소는?','Y','2011-08-11 11:32:57','SYSTEM','2011-08-11 11:32:57','SYSTEM');
INSERT INTO LETTCCMMNDETAILCODE(CODE_ID,CODE,CODE_NM,CODE_DC,USE_AT,FRST_REGIST_PNTTM,FRST_REGISTER_ID,LAST_UPDT_PNTTM,LAST_UPDUSR_ID) VALUES ('COM022',' P02','나의 좌우명은?','나의 좌우명은?','Y','2011-08-11 11:32:57','SYSTEM','2011-08-11 11:32:57','SYSTEM');
INSERT INTO LETTCCMMNDETAILCODE(CODE_ID,CODE,CODE_NM,CODE_DC,USE_AT,FRST_REGIST_PNTTM,FRST_REGISTER_ID,LAST_UPDT_PNTTM,LAST_UPDUSR_ID) VALUES ('COM022',' P03','나의 보물 제1호는?','나의 보물 제1호는?','Y','2011-08-11 11:32:57','SYSTEM','2011-08-11 11:32:57','SYSTEM');
INSERT INTO LETTCCMMNDETAILCODE(CODE_ID,CODE,CODE_NM,CODE_DC,USE_AT,FRST_REGIST_PNTTM,FRST_REGISTER_ID,LAST_UPDT_PNTTM,LAST_UPDUSR_ID) VALUES ('COM022',' P04','가장 기억에 남는 선생님 성함은?','가장 기억에 남는 선생님 성함은?','Y','2011-08-11 11:32:57','SYSTEM','2011-08-11 11:32:57','SYSTEM');
INSERT INTO LETTCCMMNDETAILCODE(CODE_ID,CODE,CODE_NM,CODE_DC,USE_AT,FRST_REGIST_PNTTM,FRST_REGISTER_ID,LAST_UPDT_PNTTM,LAST_UPDUSR_ID) VALUES ('COM022',' P05','다른 사람은 모르는 나만의 신체비밀은?','다른 사람은 모르는 나만의 신체비밀은?','Y','2011-08-11 11:32:57','SYSTEM','2011-08-11 11:32:57','SYSTEM');
INSERT INTO LETTCCMMNDETAILCODE(CODE_ID,CODE,CODE_NM,CODE_DC,USE_AT,FRST_REGIST_PNTTM,FRST_REGISTER_ID,LAST_UPDT_PNTTM,LAST_UPDUSR_ID) VALUES ('COM025','00000001','공공기관','공공기관','Y','2011-08-11 11:33:10','SYSTEM','2011-08-11 11:33:10','SYSTEM');
INSERT INTO LETTCCMMNDETAILCODE(CODE_ID,CODE,CODE_NM,CODE_DC,USE_AT,FRST_REGIST_PNTTM,FRST_REGISTER_ID,LAST_UPDT_PNTTM,LAST_UPDUSR_ID) VALUES ('COM025','00000002','금융기관','금융기관','Y','2011-08-11 11:33:10','SYSTEM','2011-08-11 11:33:10','SYSTEM');
INSERT INTO LETTCCMMNDETAILCODE(CODE_ID,CODE,CODE_NM,CODE_DC,USE_AT,FRST_REGIST_PNTTM,FRST_REGISTER_ID,LAST_UPDT_PNTTM,LAST_UPDUSR_ID) VALUES ('COM025','00000003','교육기관','교육기관','Y','2011-08-11 11:33:10','SYSTEM','2011-08-11 11:33:10','SYSTEM');
INSERT INTO LETTCCMMNDETAILCODE(CODE_ID,CODE,CODE_NM,CODE_DC,USE_AT,FRST_REGIST_PNTTM,FRST_REGISTER_ID,LAST_UPDT_PNTTM,LAST_UPDUSR_ID) VALUES ('COM025','00000004','의료기관','의료기관','Y','2011-08-11 11:33:10','SYSTEM','2011-08-11 11:33:10','SYSTEM');
INSERT INTO LETTCCMMNDETAILCODE(CODE_ID,CODE,CODE_NM,CODE_DC,USE_AT,FRST_REGIST_PNTTM,FRST_REGISTER_ID,LAST_UPDT_PNTTM,LAST_UPDUSR_ID) VALUES ('COM029','url','URL','URL','Y','2011-08-12 10:46:18','SYSTEM','2011-08-12 10:46:18','SYSTEM');


# 조직정보
INSERT INTO LETTNORGNZTINFO(ORGNZT_ID,ORGNZT_NM,ORGNZT_DC) VALUES ('ORGNZT_0000000000000','기본조직','기본조직');


# 그룹정보
INSERT INTO LETTNAUTHORGROUPINFO(GROUP_ID,GROUP_NM,GROUP_CREAT_DE,GROUP_DC) VALUES ('GROUP_00000000000000','기본 그룹입니다','2011-08-02 21:01:59','기본 그룹');


# 권한정보
INSERT INTO LETTNAUTHORINFO(AUTHOR_CODE,AUTHOR_NM,AUTHOR_DC,AUTHOR_CREAT_DE) VALUES ('ROLE_ADMIN','관리자','시스템관리자','2011-08-03');
INSERT INTO LETTNAUTHORINFO(AUTHOR_CODE,AUTHOR_NM,AUTHOR_DC,AUTHOR_CREAT_DE) VALUES ('ROLE_ANONYMOUS','오픈기능','오픈기능','2011-08-03');
INSERT INTO LETTNAUTHORINFO(AUTHOR_CODE,AUTHOR_NM,AUTHOR_DC,AUTHOR_CREAT_DE) VALUES ('ROLE_USER_MEMBER','사용자','일반사용자','2011-08-03');


# 권한(롤)계층정보
INSERT INTO LETTNROLES_HIERARCHY(PARNTS_ROLE,CHLDRN_ROLE) VALUES ('ROLE_USER_MEMBER','ROLE_ADMIN');
INSERT INTO LETTNROLES_HIERARCHY(PARNTS_ROLE,CHLDRN_ROLE) VALUES ('ROLE_ANONYMOUS','ROLE_USER_MEMBER');


# 롤정보
INSERT INTO LETTNROLEINFO(ROLE_CODE,ROLE_NM,ROLE_PTTRN,ROLE_DC,ROLE_TY,ROLE_SORT,ROLE_CREAT_DE) VALUES ('cop-bbs','cop-bbs','/cop/bbs/.*.do.*','게시판','url','1','2011-08-31 15:41:24');
INSERT INTO LETTNROLEINFO(ROLE_CODE,ROLE_NM,ROLE_PTTRN,ROLE_DC,ROLE_TY,ROLE_SORT,ROLE_CREAT_DE) VALUES ('cop-com','cop-com','/cop/com/.*.do.*','게시판사용','url','2','2011-08-24 0:00');
INSERT INTO LETTNROLEINFO(ROLE_CODE,ROLE_NM,ROLE_PTTRN,ROLE_DC,ROLE_TY,ROLE_SORT,ROLE_CREAT_DE) VALUES ('sec-gmt','sec-gmt','/sec/gmt/.*.do.*','그룹관리','url','3','2011-08-24 0:00');
INSERT INTO LETTNROLEINFO(ROLE_CODE,ROLE_NM,ROLE_PTTRN,ROLE_DC,ROLE_TY,ROLE_SORT,ROLE_CREAT_DE) VALUES ('sec-ram','sec-ram','/sec/ram/.*.do.*','권한관리','url','4','2011-08-24 0:00');
INSERT INTO LETTNROLEINFO(ROLE_CODE,ROLE_NM,ROLE_PTTRN,ROLE_DC,ROLE_TY,ROLE_SORT,ROLE_CREAT_DE) VALUES ('sec-rgm','sec-rgm','/sec/rgm/.*.do.*','권한그룹관리','url','5','2011-08-24 0:00');
INSERT INTO LETTNROLEINFO(ROLE_CODE,ROLE_NM,ROLE_PTTRN,ROLE_DC,ROLE_TY,ROLE_SORT,ROLE_CREAT_DE) VALUES ('sec-rmt','sec-rmt','/sec/rmt/.*.do.*','롤관리','url','6','2011-08-24 0:00');
INSERT INTO LETTNROLEINFO(ROLE_CODE,ROLE_NM,ROLE_PTTRN,ROLE_DC,ROLE_TY,ROLE_SORT,ROLE_CREAT_DE) VALUES ('sts-cst','sts-cst','/sts/cst/.*.do.*','접속통계','url','7','2011-08-24 0:00');
INSERT INTO LETTNROLEINFO(ROLE_CODE,ROLE_NM,ROLE_PTTRN,ROLE_DC,ROLE_TY,ROLE_SORT,ROLE_CREAT_DE) VALUES ('sym-ccm-cca','sym-ccm-cca','/sym/ccm/cca/.*.do.*','공통코드 등록','url','8','2011-08-24 0:00');
INSERT INTO LETTNROLEINFO(ROLE_CODE,ROLE_NM,ROLE_PTTRN,ROLE_DC,ROLE_TY,ROLE_SORT,ROLE_CREAT_DE) VALUES ('sym-ccm-ccc','sym-ccm-ccc','/sym/ccm/ccc/.*.do.*','공통분류코드 상세조회','url','9','2011-08-24 0:00');
INSERT INTO LETTNROLEINFO(ROLE_CODE,ROLE_NM,ROLE_PTTRN,ROLE_DC,ROLE_TY,ROLE_SORT,ROLE_CREAT_DE) VALUES ('sym-ccm-cde','sym-ccm-cde','/sym/ccm/cde/.*.do.*','공통상세코드 등록','url','10','2011-08-24 0:00');
INSERT INTO LETTNROLEINFO(ROLE_CODE,ROLE_NM,ROLE_PTTRN,ROLE_DC,ROLE_TY,ROLE_SORT,ROLE_CREAT_DE) VALUES ('sym-ccm-zip','sym-ccm-zip','/sym/ccm/zip/.*.do.*','우편번호','url','11','2011-08-24 0:00');
INSERT INTO LETTNROLEINFO(ROLE_CODE,ROLE_NM,ROLE_PTTRN,ROLE_DC,ROLE_TY,ROLE_SORT,ROLE_CREAT_DE) VALUES ('sym-cmm','sym-cmm','/sym/cmm/.*.do.*','우편번호 찾기','url','12','2011-08-24 0:00');
INSERT INTO LETTNROLEINFO(ROLE_CODE,ROLE_NM,ROLE_PTTRN,ROLE_DC,ROLE_TY,ROLE_SORT,ROLE_CREAT_DE) VALUES ('sym-log-clg','sym-log-clg','/sym/log/clg/.*.do.*','로그인로그조회','url','13','2011-08-24 0:00');
INSERT INTO LETTNROLEINFO(ROLE_CODE,ROLE_NM,ROLE_PTTRN,ROLE_DC,ROLE_TY,ROLE_SORT,ROLE_CREAT_DE) VALUES ('sym-mnu-mcm','sym-mnu-mcm','/sym/mnu/mcm/.*.do.*','메뉴생성관리','url','14','2011-08-24 0:00');
INSERT INTO LETTNROLEINFO(ROLE_CODE,ROLE_NM,ROLE_PTTRN,ROLE_DC,ROLE_TY,ROLE_SORT,ROLE_CREAT_DE) VALUES ('sym-mnu-mpm','sym-mnu-mpm','/sym/mnu/mpm/.*.do.*','메뉴관리','url','15','2011-08-24 0:00');
INSERT INTO LETTNROLEINFO(ROLE_CODE,ROLE_NM,ROLE_PTTRN,ROLE_DC,ROLE_TY,ROLE_SORT,ROLE_CREAT_DE) VALUES ('sym-prm','sym-prm','/sym/prm/.*.do.*','프로그램목록관리','url','16','2011-08-24 0:00');
INSERT INTO LETTNROLEINFO(ROLE_CODE,ROLE_NM,ROLE_PTTRN,ROLE_DC,ROLE_TY,ROLE_SORT,ROLE_CREAT_DE) VALUES ('uat-uap','uat-uap','/uat/uap/.*.do.*','로그인정책관리','url','17','2011-08-24 0:00');
INSERT INTO LETTNROLEINFO(ROLE_CODE,ROLE_NM,ROLE_PTTRN,ROLE_DC,ROLE_TY,ROLE_SORT,ROLE_CREAT_DE) VALUES ('uat-uia','uat-uia','/uat/uia/.*.do.*','로그인메인','url','18','2011-08-24 0:00');
INSERT INTO LETTNROLEINFO(ROLE_CODE,ROLE_NM,ROLE_PTTRN,ROLE_DC,ROLE_TY,ROLE_SORT,ROLE_CREAT_DE) VALUES ('uss-ion-uas','uss-ion-uas','/uss/ion/uas/.*.do.*','사용자부재관리','url','19','2011-08-24 0:00');
INSERT INTO LETTNROLEINFO(ROLE_CODE,ROLE_NM,ROLE_PTTRN,ROLE_DC,ROLE_TY,ROLE_SORT,ROLE_CREAT_DE) VALUES ('uss-umt-cmm','uss-umt-cmm','/uss/umt/cmm/.*.do.*','아이디중복확인','url','20','2011-08-24 0:00');
INSERT INTO LETTNROLEINFO(ROLE_CODE,ROLE_NM,ROLE_PTTRN,ROLE_DC,ROLE_TY,ROLE_SORT,ROLE_CREAT_DE) VALUES ('uss-umt-user','uss-umt-user','/uss/umt/user/.*.do.*','사용자등록','url','21','2011-08-24 0:00');


# 권한별 롤
INSERT INTO LETTNAUTHORROLERELATE(AUTHOR_CODE,ROLE_CODE,CREAT_DT) VALUES ('ROLE_ADMIN','sec-gmt','2009-08-25 00:00:00');
INSERT INTO LETTNAUTHORROLERELATE(AUTHOR_CODE,ROLE_CODE,CREAT_DT) VALUES ('ROLE_ADMIN','sec-ram','2009-08-25 00:00:00');
INSERT INTO LETTNAUTHORROLERELATE(AUTHOR_CODE,ROLE_CODE,CREAT_DT) VALUES ('ROLE_ADMIN','sec-rgm','2009-08-25 00:00:00');
INSERT INTO LETTNAUTHORROLERELATE(AUTHOR_CODE,ROLE_CODE,CREAT_DT) VALUES ('ROLE_ADMIN','sec-rmt','2009-08-25 00:00:00');
INSERT INTO LETTNAUTHORROLERELATE(AUTHOR_CODE,ROLE_CODE,CREAT_DT) VALUES ('ROLE_ADMIN','sym-ccm-cca','2009-08-25 00:00:00');
INSERT INTO LETTNAUTHORROLERELATE(AUTHOR_CODE,ROLE_CODE,CREAT_DT) VALUES ('ROLE_ADMIN','sym-ccm-ccc','2009-08-25 00:00:00');
INSERT INTO LETTNAUTHORROLERELATE(AUTHOR_CODE,ROLE_CODE,CREAT_DT) VALUES ('ROLE_ADMIN','sym-ccm-cde','2009-08-25 00:00:00');
INSERT INTO LETTNAUTHORROLERELATE(AUTHOR_CODE,ROLE_CODE,CREAT_DT) VALUES ('ROLE_ADMIN','sym-ccm-zip','2009-08-25 00:00:00');
INSERT INTO LETTNAUTHORROLERELATE(AUTHOR_CODE,ROLE_CODE,CREAT_DT) VALUES ('ROLE_ADMIN','sym-mnu-mcm','2009-08-25 00:00:00');
INSERT INTO LETTNAUTHORROLERELATE(AUTHOR_CODE,ROLE_CODE,CREAT_DT) VALUES ('ROLE_ADMIN','sym-mnu-mpm','2009-08-25 00:00:00');
INSERT INTO LETTNAUTHORROLERELATE(AUTHOR_CODE,ROLE_CODE,CREAT_DT) VALUES ('ROLE_ADMIN','sym-prm','2009-08-25 00:00:00');
INSERT INTO LETTNAUTHORROLERELATE(AUTHOR_CODE,ROLE_CODE,CREAT_DT) VALUES ('ROLE_ADMIN','uat-uap','2009-08-25 00:00:00');
INSERT INTO LETTNAUTHORROLERELATE(AUTHOR_CODE,ROLE_CODE,CREAT_DT) VALUES ('ROLE_ADMIN','uss-umt-cmm','2009-08-25 00:00:00');
INSERT INTO LETTNAUTHORROLERELATE(AUTHOR_CODE,ROLE_CODE,CREAT_DT) VALUES ('ROLE_ADMIN','uss-umt-user','2009-08-25 00:00:00');
INSERT INTO LETTNAUTHORROLERELATE(AUTHOR_CODE,ROLE_CODE,CREAT_DT) VALUES ('ROLE_ANONYMOUS','cop-bbs','2009-08-25 00:00:00');
INSERT INTO LETTNAUTHORROLERELATE(AUTHOR_CODE,ROLE_CODE,CREAT_DT) VALUES ('ROLE_ANONYMOUS','sym-cmm','2009-08-25 00:00:00');
INSERT INTO LETTNAUTHORROLERELATE(AUTHOR_CODE,ROLE_CODE,CREAT_DT) VALUES ('ROLE_ANONYMOUS','uat-uia','2009-08-25 00:00:00');
INSERT INTO LETTNAUTHORROLERELATE(AUTHOR_CODE,ROLE_CODE,CREAT_DT) VALUES ('ROLE_USER_MEMBER','cop-com','2009-08-25 00:00:00');
INSERT INTO LETTNAUTHORROLERELATE(AUTHOR_CODE,ROLE_CODE,CREAT_DT) VALUES ('ROLE_USER_MEMBER','sts-cst','2009-08-25 00:00:00');
INSERT INTO LETTNAUTHORROLERELATE(AUTHOR_CODE,ROLE_CODE,CREAT_DT) VALUES ('ROLE_USER_MEMBER','sym-log-clg','2009-08-25 00:00:00');
INSERT INTO LETTNAUTHORROLERELATE(AUTHOR_CODE,ROLE_CODE,CREAT_DT) VALUES ('ROLE_USER_MEMBER','uss-ion-uas','2009-08-25 00:00:00');


# 사용자정보
INSERT INTO LETTNEMPLYRINFO(EMPLYR_ID,ORGNZT_ID,USER_NM,PASSWORD,EMPL_NO,IHIDNUM,SEXDSTN_CODE,BRTHDY,FXNUM,HOUSE_ADRES,PASSWORD_HINT,PASSWORD_CNSR,HOUSE_END_TELNO,AREA_NO,DETAIL_ADRES,ZIP,OFFM_TELNO,MBTLNUM,EMAIL_ADRES,OFCPS_NM,HOUSE_MIDDLE_TELNO,GROUP_ID,PSTINST_CODE,EMPLYR_STTUS_CODE,ESNTL_ID,CRTFC_DN_VALUE,SBSCRB_DE) VALUES ('admin','ORGNZT_0000000000000','관리자','JfQ7FIatlaE5jj7rPYO8QBABX8yb7bNbQy4AKY1QIfc=','','','','','','','P01','123','','','','','','123456789','admin@test.com','','','GROUP_00000000000000','00000000','P','USRCNFRM_00000000000','','2011-08-02 21:13:03');
INSERT INTO LETTNEMPLYRINFO(EMPLYR_ID,ORGNZT_ID,USER_NM,PASSWORD,EMPL_NO,IHIDNUM,SEXDSTN_CODE,BRTHDY,FXNUM,HOUSE_ADRES,PASSWORD_HINT,PASSWORD_CNSR,HOUSE_END_TELNO,AREA_NO,DETAIL_ADRES,ZIP,OFFM_TELNO,MBTLNUM,EMAIL_ADRES,OFCPS_NM,HOUSE_MIDDLE_TELNO,GROUP_ID,PSTINST_CODE,EMPLYR_STTUS_CODE,ESNTL_ID,CRTFC_DN_VALUE,SBSCRB_DE) VALUES ('user1','ORGNZT_0000000000000','유저1','gRFeMeIqWAGxl3UOwS16Ua1pOqAX7Mi8oDPL1QCpKLY=','','','','','','','P01','123','','','','','','123456789','test01@test.com','','','GROUP_00000000000000','00000000','P','USRCNFRM_00000000001','','2011-08-11 17:00:18');


# 사용자별권한설정
INSERT INTO LETTNEMPLYRSCRTYESTBS(SCRTY_DTRMN_TRGET_ID,MBER_TY_CODE,AUTHOR_CODE) VALUES ('USRCNFRM_00000000000','USR','ROLE_ADMIN');
INSERT INTO LETTNEMPLYRSCRTYESTBS(SCRTY_DTRMN_TRGET_ID,MBER_TY_CODE,AUTHOR_CODE) VALUES ('USRCNFRM_00000000001','USR','ROLE_USER_MEMBER');


# 게시판템플릿
INSERT INTO LETTNTMPLATINFO(TMPLAT_ID,TMPLAT_NM,TMPLAT_COURS,USE_AT,TMPLAT_SE_CODE,FRST_REGISTER_ID,FRST_REGIST_PNTTM,LAST_UPDUSR_ID,LAST_UPDT_PNTTM) VALUES ('TMPLAT_BOARD_DEFAULT','게시판 기본템플릿','/css/egovframework/cop/bbs/egovbbsTemplate.css','Y','TMPT01','USRCNFRM_00000000000','2011-08-02 21:01:59','USRCNFRM_00000000000','2011-08-08 16:12:57');


# 게시판마스터
INSERT INTO LETTNBBSMASTER(BBS_ID,BBS_NM,BBS_INTRCN,BBS_TY_CODE,BBS_ATTRB_CODE,REPLY_POSBL_AT,FILE_ATCH_POSBL_AT,ATCH_POSBL_FILE_NUMBER,ATCH_POSBL_FILE_SIZE,USE_AT,TMPLAT_ID,FRST_REGISTER_ID,FRST_REGIST_PNTTM,LAST_UPDUSR_ID,LAST_UPDT_PNTTM) VALUES ('BBSMSTR_AAAAAAAAAAAA','공지사항','공지사항게시판','BBST03','BBSA03','Y','Y',2,5242880,'Y','TMPLAT_BOARD_DEFAULT','USRCNFRM_00000000000','2011-08-31 12:00:00','USRCNFRM_00000000000','2011-08-31 12:00:00');
INSERT INTO LETTNBBSMASTER(BBS_ID,BBS_NM,BBS_INTRCN,BBS_TY_CODE,BBS_ATTRB_CODE,REPLY_POSBL_AT,FILE_ATCH_POSBL_AT,ATCH_POSBL_FILE_NUMBER,ATCH_POSBL_FILE_SIZE,USE_AT,TMPLAT_ID,FRST_REGISTER_ID,FRST_REGIST_PNTTM,LAST_UPDUSR_ID,LAST_UPDT_PNTTM) VALUES ('BBSMSTR_BBBBBBBBBBBB','갤러리','갤러리게시판','BBST01','BBSA02','Y','Y',2,5242880,'Y','TMPLAT_BOARD_DEFAULT','USRCNFRM_00000000000','2011-08-31 12:00:00','USRCNFRM_00000000000','2011-08-31 12:00:00');
INSERT INTO LETTNBBSMASTER(BBS_ID,BBS_NM,BBS_INTRCN,BBS_TY_CODE,BBS_ATTRB_CODE,REPLY_POSBL_AT,FILE_ATCH_POSBL_AT,ATCH_POSBL_FILE_NUMBER,ATCH_POSBL_FILE_SIZE,USE_AT,TMPLAT_ID,FRST_REGISTER_ID,FRST_REGIST_PNTTM,LAST_UPDUSR_ID,LAST_UPDT_PNTTM) VALUES ('BBSMSTR_CCCCCCCCCCCC','자료실','자료실게시판','BBST01','BBSA03','Y','Y',2,5242880,'Y','TMPLAT_BOARD_DEFAULT','USRCNFRM_00000000000','2011-08-31 12:00:00','USRCNFRM_00000000000','2011-08-31 12:00:00');


# 게시판사용
INSERT INTO LETTNBBSUSE(BBS_ID,TRGET_ID,USE_AT,REGIST_SE_CODE,FRST_REGIST_PNTTM,FRST_REGISTER_ID,LAST_UPDT_PNTTM,LAST_UPDUSR_ID) VALUES ('BBSMSTR_AAAAAAAAAAAA','SYSTEM_DEFAULT_BOARD','Y','REGC01','2011-08-31 12:00:00','USRCNFRM_00000000000','2011-08-31 12:00:00','USRCNFRM_00000000000');
INSERT INTO LETTNBBSUSE(BBS_ID,TRGET_ID,USE_AT,REGIST_SE_CODE,FRST_REGIST_PNTTM,FRST_REGISTER_ID,LAST_UPDT_PNTTM,LAST_UPDUSR_ID) VALUES ('BBSMSTR_BBBBBBBBBBBB','SYSTEM_DEFAULT_BOARD','Y','REGC01','2011-08-31 12:00:00','USRCNFRM_00000000000','2011-08-31 12:00:00','USRCNFRM_00000000000');
INSERT INTO LETTNBBSUSE(BBS_ID,TRGET_ID,USE_AT,REGIST_SE_CODE,FRST_REGIST_PNTTM,FRST_REGISTER_ID,LAST_UPDT_PNTTM,LAST_UPDUSR_ID) VALUES ('BBSMSTR_CCCCCCCCCCCC','SYSTEM_DEFAULT_BOARD','Y','REGC01','2011-08-31 12:00:00','USRCNFRM_00000000000','2011-08-31 12:00:00','USRCNFRM_00000000000');


#프로그램목록
INSERT INTO LETTNPROGRMLIST(PROGRM_FILE_NM,PROGRM_STRE_PATH,PROGRM_KOREAN_NM,PROGRM_DC,URL) VALUES ('dir','/','디렉토리','디렉토리','/');
INSERT INTO LETTNPROGRMLIST(PROGRM_FILE_NM,PROGRM_STRE_PATH,PROGRM_KOREAN_NM,PROGRM_DC,URL) VALUES ('EgovAuthorGroupManage','/sec/rgm/','권한그룹관리','권한그룹관리','/sec/rgm/EgovAuthorGroupListView.do');
INSERT INTO LETTNPROGRMLIST(PROGRM_FILE_NM,PROGRM_STRE_PATH,PROGRM_KOREAN_NM,PROGRM_DC,URL) VALUES ('EgovAuthorInsert','/sec/ram/','권한등록','권한등록','/sec/ram/EgovAuthorInsertView.do');
INSERT INTO LETTNPROGRMLIST(PROGRM_FILE_NM,PROGRM_STRE_PATH,PROGRM_KOREAN_NM,PROGRM_DC,URL) VALUES ('EgovAuthorManage','/sec/ram/','권한관리','권한관리','/sec/ram/EgovAuthorList.do');
INSERT INTO LETTNPROGRMLIST(PROGRM_FILE_NM,PROGRM_STRE_PATH,PROGRM_KOREAN_NM,PROGRM_DC,URL) VALUES ('EgovAuthorRoleManage','/sec/ram/','사용자별권한관리','사용자별권한롤관리','/sec/rgm/EgovAuthorGroupListView.do');
INSERT INTO LETTNPROGRMLIST(PROGRM_FILE_NM,PROGRM_STRE_PATH,PROGRM_KOREAN_NM,PROGRM_DC,URL) VALUES ('EgovAuthorUpdt','/sec/ram/','권한수정','권한수정','/sec/ram/EgovAuthor.do');
INSERT INTO LETTNPROGRMLIST(PROGRM_FILE_NM,PROGRM_STRE_PATH,PROGRM_KOREAN_NM,PROGRM_DC,URL) VALUES ('EgovBoardMstrList','/cop/bbs/','게시판 목록조회','게시판 목록조회','/cop/bbs/SelectBBSMasterInfs.do');
INSERT INTO LETTNPROGRMLIST(PROGRM_FILE_NM,PROGRM_STRE_PATH,PROGRM_KOREAN_NM,PROGRM_DC,URL) VALUES ('EgovBoardMstrRegist','/cop/bbs/','게시판 생성','게시판 생성','/cop/bbs/addBBSMaster.do');
INSERT INTO LETTNPROGRMLIST(PROGRM_FILE_NM,PROGRM_STRE_PATH,PROGRM_KOREAN_NM,PROGRM_DC,URL) VALUES ('EgovBoardMstrUpdt','/cop/bbs/','게시판 수정','게시판 수정','/cop/bbs/SelectBBSMasterInf.do');
INSERT INTO LETTNPROGRMLIST(PROGRM_FILE_NM,PROGRM_STRE_PATH,PROGRM_KOREAN_NM,PROGRM_DC,URL) VALUES ('EgovBoardUseInfInqire','/cop/com/','게시판사용여부 상세조회','게시판사용여부 상세조회','/cop/com/selectBBSUseInf.do');
INSERT INTO LETTNPROGRMLIST(PROGRM_FILE_NM,PROGRM_STRE_PATH,PROGRM_KOREAN_NM,PROGRM_DC,URL) VALUES ('EgovBoardUseInfList','/cop/com/','게시판사용여부 목록 조회','게시판사용여부 목록 조회','/cop/com/selectBBSUseInfs.do');
INSERT INTO LETTNPROGRMLIST(PROGRM_FILE_NM,PROGRM_STRE_PATH,PROGRM_KOREAN_NM,PROGRM_DC,URL) VALUES ('EgovBoardUseInfRegist','/cop/com/','게시판사용여부 등록','게시판사용여부 등록','/cop/com/addBBSUseInf.do');
INSERT INTO LETTNPROGRMLIST(PROGRM_FILE_NM,PROGRM_STRE_PATH,PROGRM_KOREAN_NM,PROGRM_DC,URL) VALUES ('EgovCcmCmmnClCodeDetail','/sym/ccm/ccc/','공통분류코드 상세조회','공통분류코드 상세조회','/sym/ccm/ccc/EgovCcmCmmnClCodeDetail.do');
INSERT INTO LETTNPROGRMLIST(PROGRM_FILE_NM,PROGRM_STRE_PATH,PROGRM_KOREAN_NM,PROGRM_DC,URL) VALUES ('EgovCcmCmmnClCodeList','/sym/ccm/ccc/','공통분류코드목록 조회','공통분류코드목록 조회','/sym/ccm/ccc/EgovCcmCmmnClCodeList.do');
INSERT INTO LETTNPROGRMLIST(PROGRM_FILE_NM,PROGRM_STRE_PATH,PROGRM_KOREAN_NM,PROGRM_DC,URL) VALUES ('EgovCcmCmmnClCodeModify','/sym/ccm/ccc/','공통분류코드 수정','공통분류코드 수정','/sym/ccm/ccc/EgovCcmCmmnClCodeModify.do');
INSERT INTO LETTNPROGRMLIST(PROGRM_FILE_NM,PROGRM_STRE_PATH,PROGRM_KOREAN_NM,PROGRM_DC,URL) VALUES ('EgovCcmCmmnClCodeRegist','/sym/ccm/ccc/','공통분류코드 등록','공통분류코드 등록','/sym/ccm/ccc/EgovCcmCmmnClCodeRegist.do');
INSERT INTO LETTNPROGRMLIST(PROGRM_FILE_NM,PROGRM_STRE_PATH,PROGRM_KOREAN_NM,PROGRM_DC,URL) VALUES ('EgovCcmCmmnCodeDetail','/sym/ccm/cca/','공통코드 상세조회','공통코드 상세조회','/sym/ccm/cca/EgovCcmCmmnCodeDetail.do');
INSERT INTO LETTNPROGRMLIST(PROGRM_FILE_NM,PROGRM_STRE_PATH,PROGRM_KOREAN_NM,PROGRM_DC,URL) VALUES ('EgovCcmCmmnCodeList','/sym/ccm/cca/','공통코드목록 조회','공통코드목록 조회','/sym/ccm/cca/EgovCcmCmmnCodeList.do');
INSERT INTO LETTNPROGRMLIST(PROGRM_FILE_NM,PROGRM_STRE_PATH,PROGRM_KOREAN_NM,PROGRM_DC,URL) VALUES ('EgovCcmCmmnCodeModify','/sym/ccm/cca/','공통코드 수정','공통코드 수정','/sym/ccm/cca/EgovCcmCmmnCodeModify.do');
INSERT INTO LETTNPROGRMLIST(PROGRM_FILE_NM,PROGRM_STRE_PATH,PROGRM_KOREAN_NM,PROGRM_DC,URL) VALUES ('EgovCcmCmmnCodeRegist','/sym/ccm/cca/','공통코드 등록','공통코드 등록','/sym/ccm/cca/EgovCcmCmmnCodeRegist.do');
INSERT INTO LETTNPROGRMLIST(PROGRM_FILE_NM,PROGRM_STRE_PATH,PROGRM_KOREAN_NM,PROGRM_DC,URL) VALUES ('EgovCcmCmmnDetailCodeDetail','/sym/ccm/cde/','공통상세코드 상세조회','공통상세코드 상세조회','/sym/ccm/cde/EgovCcmCmmnDetailCodeDetail.do');
INSERT INTO LETTNPROGRMLIST(PROGRM_FILE_NM,PROGRM_STRE_PATH,PROGRM_KOREAN_NM,PROGRM_DC,URL) VALUES ('EgovCcmCmmnDetailCodeList','/sym/ccm/cde/','공통상세코드목록 조회','공통상세코드목록 조회','/sym/ccm/cde/EgovCcmCmmnDetailCodeList.do');
INSERT INTO LETTNPROGRMLIST(PROGRM_FILE_NM,PROGRM_STRE_PATH,PROGRM_KOREAN_NM,PROGRM_DC,URL) VALUES ('EgovCcmCmmnDetailCodeModify','/sym/ccm/cde/','공통상세코드 수정','공통상세코드 수정','/sym/ccm/cde/EgovCcmCmmnDetailCodeModify.do');
INSERT INTO LETTNPROGRMLIST(PROGRM_FILE_NM,PROGRM_STRE_PATH,PROGRM_KOREAN_NM,PROGRM_DC,URL) VALUES ('EgovCcmCmmnDetailCodeRegist','/sym/ccm/cde/','공통상세코드 등록','공통상세코드 등록','/sym/ccm/cde/EgovCcmCmmnDetailCodeRegist.do');
INSERT INTO LETTNPROGRMLIST(PROGRM_FILE_NM,PROGRM_STRE_PATH,PROGRM_KOREAN_NM,PROGRM_DC,URL) VALUES ('EgovCcmExcelZipRegist','/sym/ccm/zip/','우편번호 엑셀파일 등록','우편번호 엑셀파일 등록','/sym/ccm/zip/EgovCcmExcelZipRegist.do');
INSERT INTO LETTNPROGRMLIST(PROGRM_FILE_NM,PROGRM_STRE_PATH,PROGRM_KOREAN_NM,PROGRM_DC,URL) VALUES ('EgovCcmZipDetail','/sym/ccm/zip/','우편번호 상세조회','우편번호 상세조회','/sym/ccm/zip/EgovCcmZipDetail.do');
INSERT INTO LETTNPROGRMLIST(PROGRM_FILE_NM,PROGRM_STRE_PATH,PROGRM_KOREAN_NM,PROGRM_DC,URL) VALUES ('EgovCcmZipList','/sym/ccm/zip/','우편번호목록 조회','우편번호목록 조회','/sym/ccm/zip/EgovCcmZipList.do');
INSERT INTO LETTNPROGRMLIST(PROGRM_FILE_NM,PROGRM_STRE_PATH,PROGRM_KOREAN_NM,PROGRM_DC,URL) VALUES ('EgovCcmZipModify','/sym/ccm/zip/','우편번호 수정','우편번호 수정','/sym/ccm/zip/EgovCcmZipModify.do');
INSERT INTO LETTNPROGRMLIST(PROGRM_FILE_NM,PROGRM_STRE_PATH,PROGRM_KOREAN_NM,PROGRM_DC,URL) VALUES ('EgovCcmZipRegist','/sym/ccm/zip/','우편번호 등록','우편번호 등록','/sym/ccm/zip/EgovCcmZipRegist.do');
INSERT INTO LETTNPROGRMLIST(PROGRM_FILE_NM,PROGRM_STRE_PATH,PROGRM_KOREAN_NM,PROGRM_DC,URL) VALUES ('EgovCcmZipSearchPopup','/sym/cmm/','우편번호 찾기','우편번호 찾기','/sym/cmm/EgovCcmZipSearchPopup.do');
INSERT INTO LETTNPROGRMLIST(PROGRM_FILE_NM,PROGRM_STRE_PATH,PROGRM_KOREAN_NM,PROGRM_DC,URL) VALUES ('EgovConectStats','/sts/cst/','접속통계','접속통계','/sts/cst/selectConectStats.do');
INSERT INTO LETTNPROGRMLIST(PROGRM_FILE_NM,PROGRM_STRE_PATH,PROGRM_KOREAN_NM,PROGRM_DC,URL) VALUES ('EgovFileNmSearch','/sym/prm/','파일명검색','파일명검색','/sym/prm/EgovProgramListSearch.do');
INSERT INTO LETTNPROGRMLIST(PROGRM_FILE_NM,PROGRM_STRE_PATH,PROGRM_KOREAN_NM,PROGRM_DC,URL) VALUES ('EgovGroupInsert','/sec/gmt/','그룹등록','그룹등록','/sec/gmt/EgovGroupInsertView.do');
INSERT INTO LETTNPROGRMLIST(PROGRM_FILE_NM,PROGRM_STRE_PATH,PROGRM_KOREAN_NM,PROGRM_DC,URL) VALUES ('EgovGroupManage','/sec/gmt/','그룹관리','그룹관리','/sec/gmt/EgovGroupList.do');
INSERT INTO LETTNPROGRMLIST(PROGRM_FILE_NM,PROGRM_STRE_PATH,PROGRM_KOREAN_NM,PROGRM_DC,URL) VALUES ('EgovGroupUpdt','/sec/gmt/','그룹수정','그룹수정','/sec/gmt/EgovGroup.do');
INSERT INTO LETTNPROGRMLIST(PROGRM_FILE_NM,PROGRM_STRE_PATH,PROGRM_KOREAN_NM,PROGRM_DC,URL) VALUES ('EgovIdDplctCnfirm','/uss/umt/cmm/','아이디중복확인','아이디중복확인','/uss/umt/cmm/EgovIdDplctCnfirmView.do');
INSERT INTO LETTNPROGRMLIST(PROGRM_FILE_NM,PROGRM_STRE_PATH,PROGRM_KOREAN_NM,PROGRM_DC,URL) VALUES ('EgovInfoNotice','/cop/bbs/','공지사항','공지사항','/cop/bbs/selectBoardList.do?bbsId=BBSMSTR_AAAAAAAAAAAA');
INSERT INTO LETTNPROGRMLIST(PROGRM_FILE_NM,PROGRM_STRE_PATH,PROGRM_KOREAN_NM,PROGRM_DC,URL) VALUES ('EgovInfoNoticeAdmin','/cop/bbs/','공지사항관리','공지사항관리','/cop/bbs/selectBoardList.do?bbsId=BBSMSTR_AAAAAAAAAAAA');
INSERT INTO LETTNPROGRMLIST(PROGRM_FILE_NM,PROGRM_STRE_PATH,PROGRM_KOREAN_NM,PROGRM_DC,URL) VALUES ('EgovInfoWork','/cop/bbs/','업무게시판','업무게시판','/cop/bbs/selectBoardList.do?bbsId=BBSMSTR_CCCCCCCCCCCC');
INSERT INTO LETTNPROGRMLIST(PROGRM_FILE_NM,PROGRM_STRE_PATH,PROGRM_KOREAN_NM,PROGRM_DC,URL) VALUES ('EgovInfoWorkAdmin','/cop/bbs/','업무게시판관리','업무게시판관리','/cop/bbs/selectBoardList.do?bbsId=BBSMSTR_CCCCCCCCCCCC');
INSERT INTO LETTNPROGRMLIST(PROGRM_FILE_NM,PROGRM_STRE_PATH,PROGRM_KOREAN_NM,PROGRM_DC,URL) VALUES ('EgovJoinHistory','/','입퇴사정보 관리','입퇴사정보 관리','/EgovPageLink.do?link=main/sample_menu/Sample');
INSERT INTO LETTNPROGRMLIST(PROGRM_FILE_NM,PROGRM_STRE_PATH,PROGRM_KOREAN_NM,PROGRM_DC,URL) VALUES ('EgovLoginLogInqire','/sym/log/clg/','로그인로그상세조회','로그인로그상세조회','/sym/log/clg/SelectLoginLogList.do');
INSERT INTO LETTNPROGRMLIST(PROGRM_FILE_NM,PROGRM_STRE_PATH,PROGRM_KOREAN_NM,PROGRM_DC,URL) VALUES ('EgovLoginLogList','/sym/log/clg/','로그인로그조회','로그인로그조회','/sym/log/clg/SelectLoginLogList.do');
INSERT INTO LETTNPROGRMLIST(PROGRM_FILE_NM,PROGRM_STRE_PATH,PROGRM_KOREAN_NM,PROGRM_DC,URL) VALUES ('EgovLoginPolicyList','/uat/uap/','로그인정책관리','로그인정책관리','/uat/uap/selectLoginPolicyList.do');
INSERT INTO LETTNPROGRMLIST(PROGRM_FILE_NM,PROGRM_STRE_PATH,PROGRM_KOREAN_NM,PROGRM_DC,URL) VALUES ('EgovLoginPolicyRegist','/uat/uap/','로그인정책등록','로그인정책등록','/uat/uap/getLoginPolicy.do');
INSERT INTO LETTNPROGRMLIST(PROGRM_FILE_NM,PROGRM_STRE_PATH,PROGRM_KOREAN_NM,PROGRM_DC,URL) VALUES ('EgovLoginPolicyUpdt','/uat/uia/','로그인정책수정','로그인정책수정','/uat/uap/getLoginPolicy.do');
INSERT INTO LETTNPROGRMLIST(PROGRM_FILE_NM,PROGRM_STRE_PATH,PROGRM_KOREAN_NM,PROGRM_DC,URL) VALUES ('EgovLoginUsr','/uat/uia/','내부업무 로그인','내부업무 로그인','/uat/uia/egovLoginUsr.do');
INSERT INTO LETTNPROGRMLIST(PROGRM_FILE_NM,PROGRM_STRE_PATH,PROGRM_KOREAN_NM,PROGRM_DC,URL) VALUES ('EgovMainHome','/uat/uia/','내부업무 메인','내부업무 메인','/uat/uia/actionMain.do');
INSERT INTO LETTNPROGRMLIST(PROGRM_FILE_NM,PROGRM_STRE_PATH,PROGRM_KOREAN_NM,PROGRM_DC,URL) VALUES ('EgovMberPositionl','/','직위정보 관리','직위정보 관리','/EgovPageLink.do?link=main/sample_menu/Sample');
INSERT INTO LETTNPROGRMLIST(PROGRM_FILE_NM,PROGRM_STRE_PATH,PROGRM_KOREAN_NM,PROGRM_DC,URL) VALUES ('EgovMberRank','/','직급정보 관리','직급정보 관리','/EgovPageLink.do?link=main/sample_menu/Sample');
INSERT INTO LETTNPROGRMLIST(PROGRM_FILE_NM,PROGRM_STRE_PATH,PROGRM_KOREAN_NM,PROGRM_DC,URL) VALUES ('EgovMenuBndeRegist','/sym/mnu/mpm/','메뉴일괄등록','메뉴일괄등록','/sym/mnu/mpm/EgovMenuBndeRegist.do');
INSERT INTO LETTNPROGRMLIST(PROGRM_FILE_NM,PROGRM_STRE_PATH,PROGRM_KOREAN_NM,PROGRM_DC,URL) VALUES ('EgovMenuCreat','/sym/mnu/mcm/','메뉴생성','메뉴생성','/sym/mnu/mcm/EgovMenuCreatSelect.do');
INSERT INTO LETTNPROGRMLIST(PROGRM_FILE_NM,PROGRM_STRE_PATH,PROGRM_KOREAN_NM,PROGRM_DC,URL) VALUES ('EgovMenuCreatManage','/sym/mnu/mcm/','메뉴생성관리','메뉴생성관리','/sym/mnu/mcm/EgovMenuCreatManageSelect.do');
INSERT INTO LETTNPROGRMLIST(PROGRM_FILE_NM,PROGRM_STRE_PATH,PROGRM_KOREAN_NM,PROGRM_DC,URL) VALUES ('EgovMenuDetailSelectUpdt','/sym/mnu/mpm/','메뉴상세조회/수정','메뉴상세조회/수정','/sym/mnu/mpm/EgovMenuManageListDetailSelect.do');
INSERT INTO LETTNPROGRMLIST(PROGRM_FILE_NM,PROGRM_STRE_PATH,PROGRM_KOREAN_NM,PROGRM_DC,URL) VALUES ('EgovMenuManage','/sym/mnu/mpm/','메뉴관리','메뉴관리','/sym/mnu/mpm/EgovMenuManageSelect.do');
INSERT INTO LETTNPROGRMLIST(PROGRM_FILE_NM,PROGRM_STRE_PATH,PROGRM_KOREAN_NM,PROGRM_DC,URL) VALUES ('EgovMenuRegist','/sym/mnu/mpm/','메뉴등록','메뉴등록','/sym/mnu/mpm/EgovMenuRegistInsert.do');
INSERT INTO LETTNPROGRMLIST(PROGRM_FILE_NM,PROGRM_STRE_PATH,PROGRM_KOREAN_NM,PROGRM_DC,URL) VALUES ('EgovNoticeInqire','/cop/bbs/','게시물조회','게시물조회','/cop/bbs/selectBoardArticle.do');
INSERT INTO LETTNPROGRMLIST(PROGRM_FILE_NM,PROGRM_STRE_PATH,PROGRM_KOREAN_NM,PROGRM_DC,URL) VALUES ('EgovNoticeList','/cop/bbs/','게시물 목록','게시물 목록','/cop/bbs/selectBoardList.do');
INSERT INTO LETTNPROGRMLIST(PROGRM_FILE_NM,PROGRM_STRE_PATH,PROGRM_KOREAN_NM,PROGRM_DC,URL) VALUES ('EgovNoticeRegist','/cop/bbs/','게시물 등록','게시물 등록','/cop/bbs/addBoardArticle.do');
INSERT INTO LETTNPROGRMLIST(PROGRM_FILE_NM,PROGRM_STRE_PATH,PROGRM_KOREAN_NM,PROGRM_DC,URL) VALUES ('EgovNoticeReply','/cop/bbs/','답글 작성','답글 작성','/cop/bbs/addReplyBoardArticle.do');
INSERT INTO LETTNPROGRMLIST(PROGRM_FILE_NM,PROGRM_STRE_PATH,PROGRM_KOREAN_NM,PROGRM_DC,URL) VALUES ('EgovNoticeUpdt','/cop/bbs/','게시물 수정','게시물 수정','/cop/bbs/forUpdateBoardArticle.do');
INSERT INTO LETTNPROGRMLIST(PROGRM_FILE_NM,PROGRM_STRE_PATH,PROGRM_KOREAN_NM,PROGRM_DC,URL) VALUES ('EgovProgramListDetailSelectUpdt','/sym/prm/','프로그램목록상세조회/수정','프로그램목록상세조회/수정','/sym/prm/EgovProgramListDetailSelect.do');
INSERT INTO LETTNPROGRMLIST(PROGRM_FILE_NM,PROGRM_STRE_PATH,PROGRM_KOREAN_NM,PROGRM_DC,URL) VALUES ('EgovProgramListManage','/sym/prm/','프로그램목록관리','프로그램목록관리','/sym/prm/EgovProgramListManageSelect.do');
INSERT INTO LETTNPROGRMLIST(PROGRM_FILE_NM,PROGRM_STRE_PATH,PROGRM_KOREAN_NM,PROGRM_DC,URL) VALUES ('EgovProgramListRegist','/sym/prm/','프로그램목록등록','프로그램목록등록','/sym/prm/EgovProgramListRegist.do');
INSERT INTO LETTNPROGRMLIST(PROGRM_FILE_NM,PROGRM_STRE_PATH,PROGRM_KOREAN_NM,PROGRM_DC,URL) VALUES ('EgovRoleInsert','/sec/rmt/','롤등록','롤등록','/sec/rmt/EgovRoleInsertView.do');
INSERT INTO LETTNPROGRMLIST(PROGRM_FILE_NM,PROGRM_STRE_PATH,PROGRM_KOREAN_NM,PROGRM_DC,URL) VALUES ('EgovRoleManage','/sec/rmt/','롤관리','롤관리','/sec/rmt/EgovRoleList.do');
INSERT INTO LETTNPROGRMLIST(PROGRM_FILE_NM,PROGRM_STRE_PATH,PROGRM_KOREAN_NM,PROGRM_DC,URL) VALUES ('EgovRoleUpdt','/sec/rmt/','롤수정','롤수정','/sec/rmt/EgovRole.do');
INSERT INTO LETTNPROGRMLIST(PROGRM_FILE_NM,PROGRM_STRE_PATH,PROGRM_KOREAN_NM,PROGRM_DC,URL) VALUES ('EgovTemplateInqirePopup','/cop/com/','템플릿 조회팝업','템플릿 조회팝업','/cop/com/selectTemplateInfs.do');
INSERT INTO LETTNPROGRMLIST(PROGRM_FILE_NM,PROGRM_STRE_PATH,PROGRM_KOREAN_NM,PROGRM_DC,URL) VALUES ('EgovTemplateList','/cop/com/','템플릿 목록 조회','템플릿 목록 조회','/cop/com/selectTemplateInfs.do');
INSERT INTO LETTNPROGRMLIST(PROGRM_FILE_NM,PROGRM_STRE_PATH,PROGRM_KOREAN_NM,PROGRM_DC,URL) VALUES ('EgovTemplateRegist','/cop/com/','템플릿 등록','템플릿 등록','/cop/com/addTemplateInf.do');
INSERT INTO LETTNPROGRMLIST(PROGRM_FILE_NM,PROGRM_STRE_PATH,PROGRM_KOREAN_NM,PROGRM_DC,URL) VALUES ('EgovTemplateUpdt','/cop/com/','템플릿 수정','템플릿 수정','/cop/com/selectTemplateInf.do');
INSERT INTO LETTNPROGRMLIST(PROGRM_FILE_NM,PROGRM_STRE_PATH,PROGRM_KOREAN_NM,PROGRM_DC,URL) VALUES ('EgovUserAbsnceList','/uss/ion/uas/','사용자부재관리','사용자부재관리','/uss/ion/uas/selectUserAbsnceListView.do');
INSERT INTO LETTNPROGRMLIST(PROGRM_FILE_NM,PROGRM_STRE_PATH,PROGRM_KOREAN_NM,PROGRM_DC,URL) VALUES ('EgovUserAbsnceRegist','/uss/ion/uas/','사용자부재등록','사용자부재등록','/uss/ion/uas/addViewUserAbsnce.do');
INSERT INTO LETTNPROGRMLIST(PROGRM_FILE_NM,PROGRM_STRE_PATH,PROGRM_KOREAN_NM,PROGRM_DC,URL) VALUES ('EgovUserAbsnceUpdt','/uss/ion/uas/','사용자부재수정','사용자부재수정','/uss/ion/uas/getUserAbsnce.do');
INSERT INTO LETTNPROGRMLIST(PROGRM_FILE_NM,PROGRM_STRE_PATH,PROGRM_KOREAN_NM,PROGRM_DC,URL) VALUES ('EgovUserInsert','/uss/umt/user/','사용자등록','사용자등록','/uss/umt/user/EgovUserInsertView.do');
INSERT INTO LETTNPROGRMLIST(PROGRM_FILE_NM,PROGRM_STRE_PATH,PROGRM_KOREAN_NM,PROGRM_DC,URL) VALUES ('EgovUserManage','/uss/umt/user/','사용자관리(조회,삭제)','사용자관리(조회,삭제)','/uss/umt/user/EgovUserManage.do');
INSERT INTO LETTNPROGRMLIST(PROGRM_FILE_NM,PROGRM_STRE_PATH,PROGRM_KOREAN_NM,PROGRM_DC,URL) VALUES ('EgovUserPasswordUpdt','/uss/umt/user/','사용자암호수정','사용자암호수정','/uss/umt/user/EgovUserPasswordUpdtView.do');
INSERT INTO LETTNPROGRMLIST(PROGRM_FILE_NM,PROGRM_STRE_PATH,PROGRM_KOREAN_NM,PROGRM_DC,URL) VALUES ('EgovUserSelectUpdt','/uss/umt/user/','사용자상세조회,수정','사용자상세조회,수정','/uss/umt/user/EgovUserSelectUpdtView.do');
INSERT INTO LETTNPROGRMLIST(PROGRM_FILE_NM,PROGRM_STRE_PATH,PROGRM_KOREAN_NM,PROGRM_DC,URL) VALUES ('EgovWorkAttendance','/','출퇴근정보 관리','출퇴근정보 관리','/EgovPageLink.do?link=main/sample_menu/Sample');
INSERT INTO LETTNPROGRMLIST(PROGRM_FILE_NM,PROGRM_STRE_PATH,PROGRM_KOREAN_NM,PROGRM_DC,URL) VALUES ('EgovWorkAward','/','상벌정보 관리','상벌정보 관리','/EgovPageLink.do?link=main/sample_menu/Sample');
INSERT INTO LETTNPROGRMLIST(PROGRM_FILE_NM,PROGRM_STRE_PATH,PROGRM_KOREAN_NM,PROGRM_DC,URL) VALUES ('EgovWorkEstimation','/','업무평가점수 관리','업무평가점수 관리','/EgovPageLink.do?link=main/sample_menu/Sample');
INSERT INTO LETTNPROGRMLIST(PROGRM_FILE_NM,PROGRM_STRE_PATH,PROGRM_KOREAN_NM,PROGRM_DC,URL) VALUES ('EgovWorkVacation','/','휴무정보 관리','휴무정보 관리','/EgovPageLink.do?link=main/sample_menu/Sample');


#메뉴목록
INSERT INTO LETTNMENUINFO(MENU_NM,PROGRM_FILE_NM,MENU_NO,UPPER_MENU_NO,MENU_ORDR,MENU_DC,RELATE_IMAGE_PATH,RELATE_IMAGE_NM) VALUES ('root','dir',0,0,1,'root','/','/');
INSERT INTO LETTNMENUINFO(MENU_NM,PROGRM_FILE_NM,MENU_NO,UPPER_MENU_NO,MENU_ORDR,MENU_DC,RELATE_IMAGE_PATH,RELATE_IMAGE_NM) VALUES ('알림정보','dir',1000000,0,1,'알림정보','/','/');
INSERT INTO LETTNMENUINFO(MENU_NM,PROGRM_FILE_NM,MENU_NO,UPPER_MENU_NO,MENU_ORDR,MENU_DC,RELATE_IMAGE_PATH,RELATE_IMAGE_NM) VALUES ('공지사항','EgovInfoNotice',1010000,1000000,1,'공지사항','/','/');
INSERT INTO LETTNMENUINFO(MENU_NM,PROGRM_FILE_NM,MENU_NO,UPPER_MENU_NO,MENU_ORDR,MENU_DC,RELATE_IMAGE_PATH,RELATE_IMAGE_NM) VALUES ('업무게시판','EgovInfoWork',1020000,1000000,2,'업무게시판','/','/');
INSERT INTO LETTNMENUINFO(MENU_NM,PROGRM_FILE_NM,MENU_NO,UPPER_MENU_NO,MENU_ORDR,MENU_DC,RELATE_IMAGE_PATH,RELATE_IMAGE_NM) VALUES ('직급체계관리','dir',2000000,0,2,'직급체계관리','/','/');
INSERT INTO LETTNMENUINFO(MENU_NM,PROGRM_FILE_NM,MENU_NO,UPPER_MENU_NO,MENU_ORDR,MENU_DC,RELATE_IMAGE_PATH,RELATE_IMAGE_NM) VALUES ('입퇴사정보 관리','EgovJoinHistory',2010000,2000000,1,'입퇴사정보 관리','/','/');
INSERT INTO LETTNMENUINFO(MENU_NM,PROGRM_FILE_NM,MENU_NO,UPPER_MENU_NO,MENU_ORDR,MENU_DC,RELATE_IMAGE_PATH,RELATE_IMAGE_NM) VALUES ('직급정보 관리','EgovMberRank',2020000,2000000,2,'직급정보 관리','/','/');
INSERT INTO LETTNMENUINFO(MENU_NM,PROGRM_FILE_NM,MENU_NO,UPPER_MENU_NO,MENU_ORDR,MENU_DC,RELATE_IMAGE_PATH,RELATE_IMAGE_NM) VALUES ('직위정보 관리','EgovMberPositionl',2030000,2000000,3,'직위정보 관리','/','/');
INSERT INTO LETTNMENUINFO(MENU_NM,PROGRM_FILE_NM,MENU_NO,UPPER_MENU_NO,MENU_ORDR,MENU_DC,RELATE_IMAGE_PATH,RELATE_IMAGE_NM) VALUES ('진급관리','dir',3000000,0,3,'진급관리','/','/');
INSERT INTO LETTNMENUINFO(MENU_NM,PROGRM_FILE_NM,MENU_NO,UPPER_MENU_NO,MENU_ORDR,MENU_DC,RELATE_IMAGE_PATH,RELATE_IMAGE_NM) VALUES ('업무평가점수 관리','EgovWorkEstimation',3010000,3000000,1,'업무평가점수 관리','/','/');
INSERT INTO LETTNMENUINFO(MENU_NM,PROGRM_FILE_NM,MENU_NO,UPPER_MENU_NO,MENU_ORDR,MENU_DC,RELATE_IMAGE_PATH,RELATE_IMAGE_NM) VALUES ('상벌정보 관리','EgovWorkAward',3040000,3000000,2,'상벌정보 관리','/','/');
INSERT INTO LETTNMENUINFO(MENU_NM,PROGRM_FILE_NM,MENU_NO,UPPER_MENU_NO,MENU_ORDR,MENU_DC,RELATE_IMAGE_PATH,RELATE_IMAGE_NM) VALUES ('근태관리','dir',4000000,0,4,'근태관리','/','/');
INSERT INTO LETTNMENUINFO(MENU_NM,PROGRM_FILE_NM,MENU_NO,UPPER_MENU_NO,MENU_ORDR,MENU_DC,RELATE_IMAGE_PATH,RELATE_IMAGE_NM) VALUES ('출퇴근정보 관리','EgovWorkAttendance',4010000,4000000,1,'출퇴근정보 관리','/','/');
INSERT INTO LETTNMENUINFO(MENU_NM,PROGRM_FILE_NM,MENU_NO,UPPER_MENU_NO,MENU_ORDR,MENU_DC,RELATE_IMAGE_PATH,RELATE_IMAGE_NM) VALUES ('휴무정보 관리','EgovWorkVacation',4020000,4000000,2,'휴무정보 관리','/','/');
INSERT INTO LETTNMENUINFO(MENU_NM,PROGRM_FILE_NM,MENU_NO,UPPER_MENU_NO,MENU_ORDR,MENU_DC,RELATE_IMAGE_PATH,RELATE_IMAGE_NM) VALUES ('내부서비스관리','dir',5000000,0,5,'내부서비스관리','/','/');
INSERT INTO LETTNMENUINFO(MENU_NM,PROGRM_FILE_NM,MENU_NO,UPPER_MENU_NO,MENU_ORDR,MENU_DC,RELATE_IMAGE_PATH,RELATE_IMAGE_NM) VALUES ('내부업무게시판관리','dir',5010000,5000000,1,'내부업무게시판관리','/','/');
INSERT INTO LETTNMENUINFO(MENU_NM,PROGRM_FILE_NM,MENU_NO,UPPER_MENU_NO,MENU_ORDR,MENU_DC,RELATE_IMAGE_PATH,RELATE_IMAGE_NM) VALUES ('게시판템플릿관리','EgovTemplateList',5010100,5010000,1,'게시판템플릿관리','/','/');
INSERT INTO LETTNMENUINFO(MENU_NM,PROGRM_FILE_NM,MENU_NO,UPPER_MENU_NO,MENU_ORDR,MENU_DC,RELATE_IMAGE_PATH,RELATE_IMAGE_NM) VALUES ('게시판생성관리','EgovBoardMstrList',5010200,5010000,2,'게시판생성관리','/','/');
INSERT INTO LETTNMENUINFO(MENU_NM,PROGRM_FILE_NM,MENU_NO,UPPER_MENU_NO,MENU_ORDR,MENU_DC,RELATE_IMAGE_PATH,RELATE_IMAGE_NM) VALUES ('게시판사용관리','EgovBoardUseInfList',5010300,5010000,3,'게시판사용관리','/','/');
INSERT INTO LETTNMENUINFO(MENU_NM,PROGRM_FILE_NM,MENU_NO,UPPER_MENU_NO,MENU_ORDR,MENU_DC,RELATE_IMAGE_PATH,RELATE_IMAGE_NM) VALUES ('공지사항관리','EgovInfoNoticeAdmin',5010400,5010000,4,'공지사항관리','/','/');
INSERT INTO LETTNMENUINFO(MENU_NM,PROGRM_FILE_NM,MENU_NO,UPPER_MENU_NO,MENU_ORDR,MENU_DC,RELATE_IMAGE_PATH,RELATE_IMAGE_NM) VALUES ('업무게시판관리','EgovInfoWorkAdmin',5010500,5010000,5,'업무게시판관리','/','/');
INSERT INTO LETTNMENUINFO(MENU_NM,PROGRM_FILE_NM,MENU_NO,UPPER_MENU_NO,MENU_ORDR,MENU_DC,RELATE_IMAGE_PATH,RELATE_IMAGE_NM) VALUES ('사용현황관리','dir',5020000,5000000,2,'사용현황관리','/','/');
INSERT INTO LETTNMENUINFO(MENU_NM,PROGRM_FILE_NM,MENU_NO,UPPER_MENU_NO,MENU_ORDR,MENU_DC,RELATE_IMAGE_PATH,RELATE_IMAGE_NM) VALUES ('접속로그관리','EgovLoginLogList',5020100,5020000,1,'접속로그관리','/','/');
INSERT INTO LETTNMENUINFO(MENU_NM,PROGRM_FILE_NM,MENU_NO,UPPER_MENU_NO,MENU_ORDR,MENU_DC,RELATE_IMAGE_PATH,RELATE_IMAGE_NM) VALUES ('접속통계관리','EgovConectStats',5020200,5020000,2,'접속통계관리','/','/');
INSERT INTO LETTNMENUINFO(MENU_NM,PROGRM_FILE_NM,MENU_NO,UPPER_MENU_NO,MENU_ORDR,MENU_DC,RELATE_IMAGE_PATH,RELATE_IMAGE_NM) VALUES ('로그인정책관리','EgovLoginPolicyList',5020300,5020000,3,'로그인정책관리','','');
INSERT INTO LETTNMENUINFO(MENU_NM,PROGRM_FILE_NM,MENU_NO,UPPER_MENU_NO,MENU_ORDR,MENU_DC,RELATE_IMAGE_PATH,RELATE_IMAGE_NM) VALUES ('내부시스템관리','dir',6000000,0,6,'내부시스템관리','/','/');
INSERT INTO LETTNMENUINFO(MENU_NM,PROGRM_FILE_NM,MENU_NO,UPPER_MENU_NO,MENU_ORDR,MENU_DC,RELATE_IMAGE_PATH,RELATE_IMAGE_NM) VALUES ('사용자관리','dir',6010000,6000000,1,'사용자관리','/','/');
INSERT INTO LETTNMENUINFO(MENU_NM,PROGRM_FILE_NM,MENU_NO,UPPER_MENU_NO,MENU_ORDR,MENU_DC,RELATE_IMAGE_PATH,RELATE_IMAGE_NM) VALUES ('사용자등록관리','EgovUserManage',6010100,6010000,1,'사용자등록관리','/','/');
INSERT INTO LETTNMENUINFO(MENU_NM,PROGRM_FILE_NM,MENU_NO,UPPER_MENU_NO,MENU_ORDR,MENU_DC,RELATE_IMAGE_PATH,RELATE_IMAGE_NM) VALUES ('사용자부재관리','EgovUserAbsnceList',6010200,6010000,2,'사용자부재관리','/','/');
INSERT INTO LETTNMENUINFO(MENU_NM,PROGRM_FILE_NM,MENU_NO,UPPER_MENU_NO,MENU_ORDR,MENU_DC,RELATE_IMAGE_PATH,RELATE_IMAGE_NM) VALUES ('사용자권한관리','dir',6020000,6000000,2,'사용자권한관리','/','/');
INSERT INTO LETTNMENUINFO(MENU_NM,PROGRM_FILE_NM,MENU_NO,UPPER_MENU_NO,MENU_ORDR,MENU_DC,RELATE_IMAGE_PATH,RELATE_IMAGE_NM) VALUES ('권한관리','EgovAuthorManage',6020100,6020000,1,'권한관리','/','/');
INSERT INTO LETTNMENUINFO(MENU_NM,PROGRM_FILE_NM,MENU_NO,UPPER_MENU_NO,MENU_ORDR,MENU_DC,RELATE_IMAGE_PATH,RELATE_IMAGE_NM) VALUES ('사용자그룹관리','EgovGroupManage',6020200,6020000,2,'사용자그룹관리','/','/');
INSERT INTO LETTNMENUINFO(MENU_NM,PROGRM_FILE_NM,MENU_NO,UPPER_MENU_NO,MENU_ORDR,MENU_DC,RELATE_IMAGE_PATH,RELATE_IMAGE_NM) VALUES ('사용자별권한관리','EgovAuthorRoleManage',6020300,6020000,3,'사용자별권한관리','/','/');
INSERT INTO LETTNMENUINFO(MENU_NM,PROGRM_FILE_NM,MENU_NO,UPPER_MENU_NO,MENU_ORDR,MENU_DC,RELATE_IMAGE_PATH,RELATE_IMAGE_NM) VALUES ('롤관리','EgovRoleManage',6020400,6020000,4,'롤관리','/','/');
INSERT INTO LETTNMENUINFO(MENU_NM,PROGRM_FILE_NM,MENU_NO,UPPER_MENU_NO,MENU_ORDR,MENU_DC,RELATE_IMAGE_PATH,RELATE_IMAGE_NM) VALUES ('메뉴관리','dir',6030000,6000000,3,'메뉴관리','/','/');
INSERT INTO LETTNMENUINFO(MENU_NM,PROGRM_FILE_NM,MENU_NO,UPPER_MENU_NO,MENU_ORDR,MENU_DC,RELATE_IMAGE_PATH,RELATE_IMAGE_NM) VALUES ('프로그램목록관리','EgovProgramListManage',6030100,6030000,1,'프로그램목록관리','/','/');
INSERT INTO LETTNMENUINFO(MENU_NM,PROGRM_FILE_NM,MENU_NO,UPPER_MENU_NO,MENU_ORDR,MENU_DC,RELATE_IMAGE_PATH,RELATE_IMAGE_NM) VALUES ('메뉴생성관리','EgovMenuCreatManage',6030200,6030000,2,'메뉴생성관리','/','/');
INSERT INTO LETTNMENUINFO(MENU_NM,PROGRM_FILE_NM,MENU_NO,UPPER_MENU_NO,MENU_ORDR,MENU_DC,RELATE_IMAGE_PATH,RELATE_IMAGE_NM) VALUES ('메뉴목록관리','EgovMenuManage',6030300,6030000,4,'메뉴목록관리','/','/');
INSERT INTO LETTNMENUINFO(MENU_NM,PROGRM_FILE_NM,MENU_NO,UPPER_MENU_NO,MENU_ORDR,MENU_DC,RELATE_IMAGE_PATH,RELATE_IMAGE_NM) VALUES ('코드관리','dir',6040000,6000000,4,'코드관리','/','/');
INSERT INTO LETTNMENUINFO(MENU_NM,PROGRM_FILE_NM,MENU_NO,UPPER_MENU_NO,MENU_ORDR,MENU_DC,RELATE_IMAGE_PATH,RELATE_IMAGE_NM) VALUES ('분류코드관리','EgovCcmCmmnClCodeList',6040100,6040000,1,'분류코드관리','/','/');
INSERT INTO LETTNMENUINFO(MENU_NM,PROGRM_FILE_NM,MENU_NO,UPPER_MENU_NO,MENU_ORDR,MENU_DC,RELATE_IMAGE_PATH,RELATE_IMAGE_NM) VALUES ('공통코드관리','EgovCcmCmmnCodeList',6040200,6040000,2,'공통코드관리','/','/');
INSERT INTO LETTNMENUINFO(MENU_NM,PROGRM_FILE_NM,MENU_NO,UPPER_MENU_NO,MENU_ORDR,MENU_DC,RELATE_IMAGE_PATH,RELATE_IMAGE_NM) VALUES ('상세코드관리','EgovCcmCmmnDetailCodeList',6040300,6040000,3,'상세코드관리','','');
INSERT INTO LETTNMENUINFO(MENU_NM,PROGRM_FILE_NM,MENU_NO,UPPER_MENU_NO,MENU_ORDR,MENU_DC,RELATE_IMAGE_PATH,RELATE_IMAGE_NM) VALUES ('우편번호관리','EgovCcmZipList',6040400,6040000,4,'우편번호관리','/','/');


#메뉴생성목록
INSERT INTO LETTNMENUCREATDTLS(MENU_NO,AUTHOR_CODE,MAPNG_CREAT_ID) VALUES (1000000,'ROLE_ADMIN',null);
INSERT INTO LETTNMENUCREATDTLS(MENU_NO,AUTHOR_CODE,MAPNG_CREAT_ID) VALUES (1000000,'ROLE_USER_MEMBER',null);
INSERT INTO LETTNMENUCREATDTLS(MENU_NO,AUTHOR_CODE,MAPNG_CREAT_ID) VALUES (1010000,'ROLE_ADMIN',null);
INSERT INTO LETTNMENUCREATDTLS(MENU_NO,AUTHOR_CODE,MAPNG_CREAT_ID) VALUES (1010000,'ROLE_USER_MEMBER',null);
INSERT INTO LETTNMENUCREATDTLS(MENU_NO,AUTHOR_CODE,MAPNG_CREAT_ID) VALUES (1020000,'ROLE_ADMIN',null);
INSERT INTO LETTNMENUCREATDTLS(MENU_NO,AUTHOR_CODE,MAPNG_CREAT_ID) VALUES (1020000,'ROLE_USER_MEMBER',null);
INSERT INTO LETTNMENUCREATDTLS(MENU_NO,AUTHOR_CODE,MAPNG_CREAT_ID) VALUES (2000000,'ROLE_ADMIN',null);
INSERT INTO LETTNMENUCREATDTLS(MENU_NO,AUTHOR_CODE,MAPNG_CREAT_ID) VALUES (2000000,'ROLE_USER_MEMBER',null);
INSERT INTO LETTNMENUCREATDTLS(MENU_NO,AUTHOR_CODE,MAPNG_CREAT_ID) VALUES (2010000,'ROLE_ADMIN',null);
INSERT INTO LETTNMENUCREATDTLS(MENU_NO,AUTHOR_CODE,MAPNG_CREAT_ID) VALUES (2010000,'ROLE_USER_MEMBER',null);
INSERT INTO LETTNMENUCREATDTLS(MENU_NO,AUTHOR_CODE,MAPNG_CREAT_ID) VALUES (2020000,'ROLE_ADMIN',null);
INSERT INTO LETTNMENUCREATDTLS(MENU_NO,AUTHOR_CODE,MAPNG_CREAT_ID) VALUES (2020000,'ROLE_USER_MEMBER',null);
INSERT INTO LETTNMENUCREATDTLS(MENU_NO,AUTHOR_CODE,MAPNG_CREAT_ID) VALUES (2030000,'ROLE_ADMIN',null);
INSERT INTO LETTNMENUCREATDTLS(MENU_NO,AUTHOR_CODE,MAPNG_CREAT_ID) VALUES (2030000,'ROLE_USER_MEMBER',null);
INSERT INTO LETTNMENUCREATDTLS(MENU_NO,AUTHOR_CODE,MAPNG_CREAT_ID) VALUES (3000000,'ROLE_ADMIN',null);
INSERT INTO LETTNMENUCREATDTLS(MENU_NO,AUTHOR_CODE,MAPNG_CREAT_ID) VALUES (3000000,'ROLE_USER_MEMBER',null);
INSERT INTO LETTNMENUCREATDTLS(MENU_NO,AUTHOR_CODE,MAPNG_CREAT_ID) VALUES (3010000,'ROLE_ADMIN',null);
INSERT INTO LETTNMENUCREATDTLS(MENU_NO,AUTHOR_CODE,MAPNG_CREAT_ID) VALUES (3010000,'ROLE_USER_MEMBER',null);
INSERT INTO LETTNMENUCREATDTLS(MENU_NO,AUTHOR_CODE,MAPNG_CREAT_ID) VALUES (3040000,'ROLE_ADMIN',null);
INSERT INTO LETTNMENUCREATDTLS(MENU_NO,AUTHOR_CODE,MAPNG_CREAT_ID) VALUES (3040000,'ROLE_USER_MEMBER',null);
INSERT INTO LETTNMENUCREATDTLS(MENU_NO,AUTHOR_CODE,MAPNG_CREAT_ID) VALUES (4000000,'ROLE_ADMIN',null);
INSERT INTO LETTNMENUCREATDTLS(MENU_NO,AUTHOR_CODE,MAPNG_CREAT_ID) VALUES (4000000,'ROLE_USER_MEMBER',null);
INSERT INTO LETTNMENUCREATDTLS(MENU_NO,AUTHOR_CODE,MAPNG_CREAT_ID) VALUES (4010000,'ROLE_ADMIN',null);
INSERT INTO LETTNMENUCREATDTLS(MENU_NO,AUTHOR_CODE,MAPNG_CREAT_ID) VALUES (4010000,'ROLE_USER_MEMBER',null);
INSERT INTO LETTNMENUCREATDTLS(MENU_NO,AUTHOR_CODE,MAPNG_CREAT_ID) VALUES (4020000,'ROLE_ADMIN',null);
INSERT INTO LETTNMENUCREATDTLS(MENU_NO,AUTHOR_CODE,MAPNG_CREAT_ID) VALUES (4020000,'ROLE_USER_MEMBER',null);
INSERT INTO LETTNMENUCREATDTLS(MENU_NO,AUTHOR_CODE,MAPNG_CREAT_ID) VALUES (5000000,'ROLE_ADMIN',null);
INSERT INTO LETTNMENUCREATDTLS(MENU_NO,AUTHOR_CODE,MAPNG_CREAT_ID) VALUES (5000000,'ROLE_USER_MEMBER',null);
INSERT INTO LETTNMENUCREATDTLS(MENU_NO,AUTHOR_CODE,MAPNG_CREAT_ID) VALUES (5010000,'ROLE_ADMIN',null);
INSERT INTO LETTNMENUCREATDTLS(MENU_NO,AUTHOR_CODE,MAPNG_CREAT_ID) VALUES (5010000,'ROLE_USER_MEMBER',null);
INSERT INTO LETTNMENUCREATDTLS(MENU_NO,AUTHOR_CODE,MAPNG_CREAT_ID) VALUES (5010100,'ROLE_ADMIN',null);
INSERT INTO LETTNMENUCREATDTLS(MENU_NO,AUTHOR_CODE,MAPNG_CREAT_ID) VALUES (5010100,'ROLE_USER_MEMBER',null);
INSERT INTO LETTNMENUCREATDTLS(MENU_NO,AUTHOR_CODE,MAPNG_CREAT_ID) VALUES (5010200,'ROLE_ADMIN',null);
INSERT INTO LETTNMENUCREATDTLS(MENU_NO,AUTHOR_CODE,MAPNG_CREAT_ID) VALUES (5010200,'ROLE_USER_MEMBER',null);
INSERT INTO LETTNMENUCREATDTLS(MENU_NO,AUTHOR_CODE,MAPNG_CREAT_ID) VALUES (5010300,'ROLE_ADMIN',null);
INSERT INTO LETTNMENUCREATDTLS(MENU_NO,AUTHOR_CODE,MAPNG_CREAT_ID) VALUES (5010300,'ROLE_USER_MEMBER',null);
INSERT INTO LETTNMENUCREATDTLS(MENU_NO,AUTHOR_CODE,MAPNG_CREAT_ID) VALUES (5010400,'ROLE_ADMIN',null);
INSERT INTO LETTNMENUCREATDTLS(MENU_NO,AUTHOR_CODE,MAPNG_CREAT_ID) VALUES (5010400,'ROLE_USER_MEMBER',null);
INSERT INTO LETTNMENUCREATDTLS(MENU_NO,AUTHOR_CODE,MAPNG_CREAT_ID) VALUES (5010500,'ROLE_ADMIN',null);
INSERT INTO LETTNMENUCREATDTLS(MENU_NO,AUTHOR_CODE,MAPNG_CREAT_ID) VALUES (5010500,'ROLE_USER_MEMBER',null);
INSERT INTO LETTNMENUCREATDTLS(MENU_NO,AUTHOR_CODE,MAPNG_CREAT_ID) VALUES (5020000,'ROLE_ADMIN',null);
INSERT INTO LETTNMENUCREATDTLS(MENU_NO,AUTHOR_CODE,MAPNG_CREAT_ID) VALUES (5020000,'ROLE_USER_MEMBER',null);
INSERT INTO LETTNMENUCREATDTLS(MENU_NO,AUTHOR_CODE,MAPNG_CREAT_ID) VALUES (5020100,'ROLE_ADMIN',null);
INSERT INTO LETTNMENUCREATDTLS(MENU_NO,AUTHOR_CODE,MAPNG_CREAT_ID) VALUES (5020100,'ROLE_USER_MEMBER',null);
INSERT INTO LETTNMENUCREATDTLS(MENU_NO,AUTHOR_CODE,MAPNG_CREAT_ID) VALUES (5020200,'ROLE_ADMIN',null);
INSERT INTO LETTNMENUCREATDTLS(MENU_NO,AUTHOR_CODE,MAPNG_CREAT_ID) VALUES (5020200,'ROLE_USER_MEMBER',null);
INSERT INTO LETTNMENUCREATDTLS(MENU_NO,AUTHOR_CODE,MAPNG_CREAT_ID) VALUES (5020300,'ROLE_ADMIN',null);
INSERT INTO LETTNMENUCREATDTLS(MENU_NO,AUTHOR_CODE,MAPNG_CREAT_ID) VALUES (5020300,'ROLE_USER_MEMBER',null);
INSERT INTO LETTNMENUCREATDTLS(MENU_NO,AUTHOR_CODE,MAPNG_CREAT_ID) VALUES (6000000,'ROLE_ADMIN',null);
INSERT INTO LETTNMENUCREATDTLS(MENU_NO,AUTHOR_CODE,MAPNG_CREAT_ID) VALUES (6010000,'ROLE_ADMIN',null);
INSERT INTO LETTNMENUCREATDTLS(MENU_NO,AUTHOR_CODE,MAPNG_CREAT_ID) VALUES (6010100,'ROLE_ADMIN',null);
INSERT INTO LETTNMENUCREATDTLS(MENU_NO,AUTHOR_CODE,MAPNG_CREAT_ID) VALUES (6010200,'ROLE_ADMIN',null);
INSERT INTO LETTNMENUCREATDTLS(MENU_NO,AUTHOR_CODE,MAPNG_CREAT_ID) VALUES (6020000,'ROLE_ADMIN',null);
INSERT INTO LETTNMENUCREATDTLS(MENU_NO,AUTHOR_CODE,MAPNG_CREAT_ID) VALUES (6020100,'ROLE_ADMIN',null);
INSERT INTO LETTNMENUCREATDTLS(MENU_NO,AUTHOR_CODE,MAPNG_CREAT_ID) VALUES (6020200,'ROLE_ADMIN',null);
INSERT INTO LETTNMENUCREATDTLS(MENU_NO,AUTHOR_CODE,MAPNG_CREAT_ID) VALUES (6020300,'ROLE_ADMIN',null);
INSERT INTO LETTNMENUCREATDTLS(MENU_NO,AUTHOR_CODE,MAPNG_CREAT_ID) VALUES (6020400,'ROLE_ADMIN',null);
INSERT INTO LETTNMENUCREATDTLS(MENU_NO,AUTHOR_CODE,MAPNG_CREAT_ID) VALUES (6030000,'ROLE_ADMIN',null);
INSERT INTO LETTNMENUCREATDTLS(MENU_NO,AUTHOR_CODE,MAPNG_CREAT_ID) VALUES (6030100,'ROLE_ADMIN',null);
INSERT INTO LETTNMENUCREATDTLS(MENU_NO,AUTHOR_CODE,MAPNG_CREAT_ID) VALUES (6030200,'ROLE_ADMIN',null);
INSERT INTO LETTNMENUCREATDTLS(MENU_NO,AUTHOR_CODE,MAPNG_CREAT_ID) VALUES (6030300,'ROLE_ADMIN',null);
INSERT INTO LETTNMENUCREATDTLS(MENU_NO,AUTHOR_CODE,MAPNG_CREAT_ID) VALUES (6040000,'ROLE_ADMIN',null);
INSERT INTO LETTNMENUCREATDTLS(MENU_NO,AUTHOR_CODE,MAPNG_CREAT_ID) VALUES (6040100,'ROLE_ADMIN',null);
INSERT INTO LETTNMENUCREATDTLS(MENU_NO,AUTHOR_CODE,MAPNG_CREAT_ID) VALUES (6040200,'ROLE_ADMIN',null);
INSERT INTO LETTNMENUCREATDTLS(MENU_NO,AUTHOR_CODE,MAPNG_CREAT_ID) VALUES (6040300,'ROLE_ADMIN',null);
INSERT INTO LETTNMENUCREATDTLS(MENU_NO,AUTHOR_CODE,MAPNG_CREAT_ID) VALUES (6040400,'ROLE_ADMIN',null);

#게시물
INSERT INTO LETTNBBS(NTT_ID,BBS_ID,NTT_NO,NTT_SJ,NTT_CN,ANSWER_AT,PARNTSCTT_NO,ANSWER_LC,SORT_ORDR,RDCNT,USE_AT,NTCE_BGNDE,NTCE_ENDDE,NTCR_ID,NTCR_NM,PASSWORD,ATCH_FILE_ID,FRST_REGIST_PNTTM,FRST_REGISTER_ID,LAST_UPDT_PNTTM,LAST_UPDUSR_ID) VALUES (1,'BBSMSTR_AAAAAAAAAAAA',1,'홈페이지 샘플공지1','홈페이지 샘플공지1','N',0,0,2,0,'Y','10000101','99991231','','','',null,NOW(),'USRCNFRM_00000000000',null,null);
INSERT INTO LETTNBBS(NTT_ID,BBS_ID,NTT_NO,NTT_SJ,NTT_CN,ANSWER_AT,PARNTSCTT_NO,ANSWER_LC,SORT_ORDR,RDCNT,USE_AT,NTCE_BGNDE,NTCE_ENDDE,NTCR_ID,NTCR_NM,PASSWORD,ATCH_FILE_ID,FRST_REGIST_PNTTM,FRST_REGISTER_ID,LAST_UPDT_PNTTM,LAST_UPDUSR_ID) VALUES (2,'BBSMSTR_AAAAAAAAAAAA',1,'홈페이지 샘플공지2','홈페이지 샘플공지2','N',0,0,2,0,'Y','10000101','99991231','','','',null,NOW(),'USRCNFRM_00000000000',null,null);
INSERT INTO LETTNBBS(NTT_ID,BBS_ID,NTT_NO,NTT_SJ,NTT_CN,ANSWER_AT,PARNTSCTT_NO,ANSWER_LC,SORT_ORDR,RDCNT,USE_AT,NTCE_BGNDE,NTCE_ENDDE,NTCR_ID,NTCR_NM,PASSWORD,ATCH_FILE_ID,FRST_REGIST_PNTTM,FRST_REGISTER_ID,LAST_UPDT_PNTTM,LAST_UPDUSR_ID) VALUES (3,'BBSMSTR_AAAAAAAAAAAA',1,'홈페이지 샘플공지3','홈페이지 샘플공지3','N',0,0,2,0,'Y','10000101','99991231','','','',null,NOW(),'USRCNFRM_00000000000',null,null);
INSERT INTO LETTNBBS(NTT_ID,BBS_ID,NTT_NO,NTT_SJ,NTT_CN,ANSWER_AT,PARNTSCTT_NO,ANSWER_LC,SORT_ORDR,RDCNT,USE_AT,NTCE_BGNDE,NTCE_ENDDE,NTCR_ID,NTCR_NM,PASSWORD,ATCH_FILE_ID,FRST_REGIST_PNTTM,FRST_REGISTER_ID,LAST_UPDT_PNTTM,LAST_UPDUSR_ID) VALUES (4,'BBSMSTR_AAAAAAAAAAAA',1,'홈페이지 샘플공지4','홈페이지 샘플공지4','N',0,0,2,0,'Y','10000101','99991231','','','',null,NOW(),'USRCNFRM_00000000000',null,null);
INSERT INTO LETTNBBS(NTT_ID,BBS_ID,NTT_NO,NTT_SJ,NTT_CN,ANSWER_AT,PARNTSCTT_NO,ANSWER_LC,SORT_ORDR,RDCNT,USE_AT,NTCE_BGNDE,NTCE_ENDDE,NTCR_ID,NTCR_NM,PASSWORD,ATCH_FILE_ID,FRST_REGIST_PNTTM,FRST_REGISTER_ID,LAST_UPDT_PNTTM,LAST_UPDUSR_ID) VALUES (5,'BBSMSTR_AAAAAAAAAAAA',1,'홈페이지 샘플공지5','홈페이지 샘플공지5','N',0,0,2,0,'Y','10000101','99991231','','','',null,NOW(),'USRCNFRM_00000000000',null,null);
INSERT INTO LETTNBBS(NTT_ID,BBS_ID,NTT_NO,NTT_SJ,NTT_CN,ANSWER_AT,PARNTSCTT_NO,ANSWER_LC,SORT_ORDR,RDCNT,USE_AT,NTCE_BGNDE,NTCE_ENDDE,NTCR_ID,NTCR_NM,PASSWORD,ATCH_FILE_ID,FRST_REGIST_PNTTM,FRST_REGISTER_ID,LAST_UPDT_PNTTM,LAST_UPDUSR_ID) VALUES (6,'BBSMSTR_CCCCCCCCCCCC',1,'홈페이지 샘플업무1','홈페이지 샘플업무1','N',0,0,2,0,'Y','10000101','99991231','','','',null,NOW(),'USRCNFRM_00000000000',null,null);
INSERT INTO LETTNBBS(NTT_ID,BBS_ID,NTT_NO,NTT_SJ,NTT_CN,ANSWER_AT,PARNTSCTT_NO,ANSWER_LC,SORT_ORDR,RDCNT,USE_AT,NTCE_BGNDE,NTCE_ENDDE,NTCR_ID,NTCR_NM,PASSWORD,ATCH_FILE_ID,FRST_REGIST_PNTTM,FRST_REGISTER_ID,LAST_UPDT_PNTTM,LAST_UPDUSR_ID) VALUES (7,'BBSMSTR_CCCCCCCCCCCC',1,'홈페이지 샘플업무2','홈페이지 샘플업무2','N',0,0,2,0,'Y','10000101','99991231','','','',null,NOW(),'USRCNFRM_00000000000',null,null);
INSERT INTO LETTNBBS(NTT_ID,BBS_ID,NTT_NO,NTT_SJ,NTT_CN,ANSWER_AT,PARNTSCTT_NO,ANSWER_LC,SORT_ORDR,RDCNT,USE_AT,NTCE_BGNDE,NTCE_ENDDE,NTCR_ID,NTCR_NM,PASSWORD,ATCH_FILE_ID,FRST_REGIST_PNTTM,FRST_REGISTER_ID,LAST_UPDT_PNTTM,LAST_UPDUSR_ID) VALUES (8,'BBSMSTR_CCCCCCCCCCCC',1,'홈페이지 샘플업무3','홈페이지 샘플업무3','N',0,0,2,0,'Y','10000101','99991231','','','',null,NOW(),'USRCNFRM_00000000000',null,null);
INSERT INTO LETTNBBS(NTT_ID,BBS_ID,NTT_NO,NTT_SJ,NTT_CN,ANSWER_AT,PARNTSCTT_NO,ANSWER_LC,SORT_ORDR,RDCNT,USE_AT,NTCE_BGNDE,NTCE_ENDDE,NTCR_ID,NTCR_NM,PASSWORD,ATCH_FILE_ID,FRST_REGIST_PNTTM,FRST_REGISTER_ID,LAST_UPDT_PNTTM,LAST_UPDUSR_ID) VALUES (9,'BBSMSTR_CCCCCCCCCCCC',1,'홈페이지 샘플업무4','홈페이지 샘플업무4','N',0,0,2,0,'Y','10000101','99991231','','','',null,NOW(),'USRCNFRM_00000000000',null,null);
INSERT INTO LETTNBBS(NTT_ID,BBS_ID,NTT_NO,NTT_SJ,NTT_CN,ANSWER_AT,PARNTSCTT_NO,ANSWER_LC,SORT_ORDR,RDCNT,USE_AT,NTCE_BGNDE,NTCE_ENDDE,NTCR_ID,NTCR_NM,PASSWORD,ATCH_FILE_ID,FRST_REGIST_PNTTM,FRST_REGISTER_ID,LAST_UPDT_PNTTM,LAST_UPDUSR_ID) VALUES (10,'BBSMSTR_CCCCCCCCCCCC',1,'홈페이지 샘플업무5','홈페이지 샘플업무5','N',0,0,2,0,'Y','10000101','99991231','','','',null,NOW(),'USRCNFRM_00000000000',null,null);

#우편번호 
INSERT INTO LETTCZIP(ZIP, SN, CTPRVN_NM, SIGNGU_NM, EMD_NM, LI_BULD_NM, LNBR_DONG_HO, FRST_REGIST_PNTTM, FRST_REGISTER_ID, LAST_UPDT_PNTTM, LAST_UPDUSR_ID) VALUES ('100775',7381,'서울','중구','무교동','한국정보화진흥원','',SYSDATE(),'SYSTEM',SYSDATE(),'SYSTEM');
